source_id,hnb_count,background_count,active_months,with_body,exact_body_groups,is_stable,hnb_share,denominator,period,source_role,medium
tportal.hr,1694,356816,68,1689,1689,1,0.05097036256958026,33235,2021-01/2026-08,editorial,web
index.hr,1651,694335,68,1646,1646,1,0.049676545810139916,33235,2021-01/2026-08,editorial,web
poslovni.hr,1582,71961,68,1580,1580,1,0.047600421242665863,33235,2021-01/2026-08,editorial,web
jutarnji.hr,1508,474457,68,1500,1499,1,0.045373852865954564,33235,2021-01/2026-08,editorial,web
novilist.hr,1506,318107,68,1504,1503,1,0.04531367534225966,33235,2021-01/2026-08,editorial,web
glasistre.hr,1419,282547,68,1407,1407,1,0.04269595306153152,33235,2021-01/2026-08,editorial,web
hrt.hr,1208,288673,68,1204,1204,1,0.03634722431171957,33235,2021-01/2026-08,editorial,web
vecernji.hr,1189,370218,68,1187,1186,1,0.03577553783661802,33235,2021-01/2026-08,editorial,web
direktno.hr,1107,187942,68,1105,1105,1,0.03330825936512712,33235,2021-01/2026-08,editorial,web
slobodnadalmacija.hr,1087,448281,68,1080,1078,1,0.03270648412817813,33235,2021-01/2026-08,editorial,web
nacional.hr,1082,162777,68,1077,1069,1,0.032556040318940875,33235,2021-01/2026-08,editorial,web
glas-slavonije.hr,994,157139,68,993,993,1,0.029908229276365276,33235,2021-01/2026-08,editorial,web
24sata.hr,962,480562,68,959,959,1,0.02894538889724688,33235,2021-01/2026-08,editorial,web
dnevno.hr,947,178756,62,945,945,0,0.02849405746953513,33235,2021-01/2026-08,editorial,web
dnevnik.hr,910,339869,68,907,907,1,0.02738077328117948,33235,2021-01/2026-08,editorial,web
telegram.hr,868,177021,68,867,867,1,0.02611704528358658,33235,2021-01/2026-08,editorial,web
net.hr,676,348582,68,675,675,1,0.020340003008876183,33235,2021-01/2026-08,editorial,web
prigorski.hr,559,155644,68,558,558,1,0.016819617872724537,33235,2021-01/2026-08,editorial,web
hina.hr,507,126660,67,500,500,0,0.015255002256657138,33235,2021-01/2026-08,editorial,web
hrvatska-danas.com,488,68906,56,487,487,0,0.014683315781555588,33235,2021-01/2026-08,editorial,web
dalmatinskiportal.hr,476,175509,68,475,475,1,0.01432225063938619,33235,2021-01/2026-08,editorial,web
7dnevno.hr,445,59628,49,444,444,0,0.01338949902211524,33235,2021-01/2026-08,editorial,web
totalinfo.hr,386,49772,67,386,386,0,0.01161426207311569,33235,2021-01/2026-08,editorial,web
dalmacijadanas.hr,377,162246,68,377,376,1,0.011343463216488641,33235,2021-01/2026-08,editorial,web
zagreb.info,330,90926,68,329,329,1,0.009929291409658493,33235,2021-01/2026-08,editorial,web
rtl.hr,313,118176,68,308,308,1,0.009417782458251842,33235,2021-01/2026-08,editorial,web
sibenik.in,283,78513,68,282,282,1,0.008515119602828344,33235,2021-01/2026-08,editorial,web
otvoreno.hr,250,31378,31,249,249,0,0.007522190461862494,33235,2021-01/2026-08,editorial,web
antenazadar.hr,248,57039,68,248,248,1,0.0074620129381675945,33235,2021-01/2026-08,editorial,web
ogportal.com,246,35000,68,245,245,1,0.007401835414472695,33235,2021-01/2026-08,editorial,web
narod.hr,242,55816,66,241,241,0,0.007281480367082894,33235,2021-01/2026-08,editorial,web
novo.hr,225,19995,65,222,222,0,0.006769971415676245,33235,2021-01/2026-08,editorial,web
tockanai.hr,216,7821,68,216,216,1,0.006499172559049195,33235,2021-01/2026-08,editorial,web
hia.com.hr,206,27562,68,206,206,1,0.0061982849405746955,33235,2021-01/2026-08,editorial,web
istrain.hr,206,58174,68,205,205,1,0.0061982849405746955,33235,2021-01/2026-08,editorial,web
01portal.hr,193,57305,68,192,192,1,0.005807131036557845,33235,2021-01/2026-08,editorial,web
istra24.hr,193,62638,62,193,193,0,0.005807131036557845,33235,2021-01/2026-08,editorial,web
lider.media,178,6475,16,178,178,0,0.0053557996088460956,33235,2021-01/2026-08,editorial,web
dalmacijanews.hr,176,58424,68,175,175,1,0.005295622085151196,33235,2021-01/2026-08,editorial,web
teleskop.hr,158,16935,61,158,158,0,0.004754024371897096,33235,2021-01/2026-08,editorial,web
zagorje.com,154,64690,68,154,154,1,0.004633669324507297,33235,2021-01/2026-08,editorial,web
mirovina.hr,150,14538,68,150,150,1,0.0045133142771174965,33235,2021-01/2026-08,editorial,web
poslovnifm.com,135,4461,68,135,131,1,0.004061982849405747,33235,2021-01/2026-08,editorial,web
dulist.hr,134,46462,68,134,134,1,0.004031894087558297,33235,2021-01/2026-08,editorial,web
radio-banovina.hr,127,20386,52,127,127,0,0.0038212727546261473,33235,2021-01/2026-08,editorial,web
034portal.hr,123,20524,68,122,122,1,0.0037009177072363474,33235,2021-01/2026-08,editorial,web
ipress.hr,114,26678,68,114,114,1,0.0034301188506092976,33235,2021-01/2026-08,editorial,web
poslovnipuls.com,106,5320,63,106,106,0,0.003189408755829698,33235,2021-01/2026-08,editorial,web
znet.hr,102,12798,33,102,102,0,0.003069053708439898,33235,2021-01/2026-08,editorial,web
istarski.hr,101,39353,50,101,101,0,0.0030389649465924476,33235,2021-01/2026-08,editorial,web
nacionalno.hr,99,8607,44,99,99,0,0.002978787422897548,33235,2021-01/2026-08,editorial,web
arhivanalitika.hr,98,769,67,98,98,0,0.002948698661050098,33235,2021-01/2026-08,editorial,web
objektivno.hr,97,4248,56,97,97,0,0.0029186098992026476,33235,2021-01/2026-08,editorial,web
mnovine.hr,90,57195,67,90,90,0,0.002707988566270498,33235,2021-01/2026-08,editorial,web
sjeverni.info,87,34010,48,87,87,0,0.002617722280728148,33235,2021-01/2026-08,editorial,web
sjever.hr,86,48858,65,86,86,0,0.002587633518880698,33235,2021-01/2026-08,editorial,web
medjimurski.hr,85,45156,61,85,85,0,0.0025575447570332483,33235,2021-01/2026-08,editorial,web
varazdinske-vijesti.hr,83,54195,68,83,83,1,0.002497367233338348,33235,2021-01/2026-08,editorial,web
icv.hr,79,48895,60,79,79,0,0.002377012185948548,33235,2021-01/2026-08,editorial,web
novosti.hr,77,24254,68,77,77,1,0.0023168346622536484,33235,2021-01/2026-08,editorial,web
hkm.hr,75,81977,68,75,75,1,0.0022566571385587483,33235,2021-01/2026-08,editorial,web
dubrovnikinsider.hr,72,21408,68,72,72,1,0.002166390853016398,33235,2021-01/2026-08,editorial,web
portalnovosti.com,72,16221,68,72,72,1,0.002166390853016398,33235,2021-01/2026-08,editorial,web
danica.hr,70,13998,68,70,70,1,0.0021062133293214985,33235,2021-01/2026-08,editorial,web
likaclub.eu,67,13764,61,67,67,0,0.0020159470437791484,33235,2021-01/2026-08,editorial,web
svijet.hr,66,5881,20,66,66,0,0.0019858582819316985,33235,2021-01/2026-08,editorial,web
euractiv.hr,65,2845,16,65,65,0,0.0019557695200842487,33235,2021-01/2026-08,editorial,web
slavonijainfo.com,65,16386,46,64,64,0,0.0019557695200842487,33235,2021-01/2026-08,editorial,web
regionalni.com,63,33803,68,63,63,1,0.0018955919963893485,33235,2021-01/2026-08,editorial,web
023.hr,62,18954,32,62,62,0,0.0018655032345418986,33235,2021-01/2026-08,editorial,web
035portal.hr,58,17641,68,58,58,1,0.0017451481871520987,33235,2021-01/2026-08,editorial,web
hrvatski-glasnik.com,56,11612,50,56,56,0,0.0016849706634571987,33235,2021-01/2026-08,editorial,web
womeninadria.com,56,8106,68,56,56,1,0.0016849706634571987,33235,2021-01/2026-08,editorial,web
ebrod.net,55,11953,68,55,55,1,0.0016548819016097489,33235,2021-01/2026-08,editorial,web
hkv.hr,55,5527,45,55,55,0,0.0016548819016097489,33235,2021-01/2026-08,editorial,web
hrturizam.hr,55,9524,68,55,55,1,0.0016548819016097489,33235,2021-01/2026-08,editorial,web
turizmoteka.hr,55,12595,68,55,55,1,0.0016548819016097489,33235,2021-01/2026-08,editorial,web
vzaktualno.hr,55,31232,63,55,55,0,0.0016548819016097489,33235,2021-01/2026-08,editorial,web
ictbusiness.info,54,15990,68,54,54,1,0.0016247931397622988,33235,2021-01/2026-08,editorial,web
imperijal.net,54,2608,68,54,53,1,0.0016247931397622988,33235,2021-01/2026-08,editorial,web
studentski.hr,53,25069,68,53,53,1,0.001594704377914849,33235,2021-01/2026-08,editorial,web
portal.hr,50,18926,32,50,50,0,0.0015044380923724988,33235,2021-01/2026-08,editorial,web
tris.com.hr,50,5573,68,50,50,1,0.0015044380923724988,33235,2021-01/2026-08,editorial,web
panopticum.hr,47,4644,68,46,46,1,0.001414171806830149,33235,2021-01/2026-08,editorial,web
podravski.hr,47,37754,68,47,47,1,0.001414171806830149,33235,2021-01/2026-08,editorial,web
poslovni-savjetnik.com,47,5155,68,47,45,1,0.001414171806830149,33235,2021-01/2026-08,editorial,web
morski.hr,46,37313,67,45,45,0,0.001384083044982699,33235,2021-01/2026-08,editorial,web
osijeknews.hr,46,11328,68,46,46,1,0.001384083044982699,33235,2021-01/2026-08,editorial,web
teklic.hr,46,32163,68,46,46,1,0.001384083044982699,33235,2021-01/2026-08,editorial,web
medjimurjepress.net,45,42589,68,45,44,1,0.001353994283135249,33235,2021-01/2026-08,editorial,web
evarazdin.hr,44,36365,68,44,44,1,0.001323905521287799,33235,2021-01/2026-08,editorial,web
osijekexpress.com,42,17669,48,42,42,0,0.001263727997592899,33235,2021-01/2026-08,editorial,web
baranjainfo.hr,41,9274,47,41,41,0,0.0012336392357454491,33235,2021-01/2026-08,editorial,web
044portal.hr,40,13581,66,40,39,0,0.001203550473897999,33235,2021-01/2026-08,editorial,web
klikaj.hr,38,44561,68,38,38,1,0.001143372950203099,33235,2021-01/2026-08,editorial,web
radiong.hr,37,13352,68,37,37,1,0.0011132841883556492,33235,2021-01/2026-08,editorial,web
plusportal.hr,36,10203,51,36,36,0,0.001083195426508199,33235,2021-01/2026-08,editorial,web
zastita.info,36,6612,68,36,36,1,0.001083195426508199,33235,2021-01/2026-08,editorial,web
faktograf.hr,35,3633,68,35,35,1,0.0010531066646607492,33235,2021-01/2026-08,editorial,web
sibenskiportal.hr,35,30012,51,35,35,0,0.0010531066646607492,33235,2021-01/2026-08,editorial,web
baustela.hr,34,13355,68,34,34,1,0.0010230179028132991,33235,2021-01/2026-08,editorial,web
klikni.news,34,5289,32,34,34,0,0.0010230179028132991,33235,2021-01/2026-08,editorial,web
muralist.hr,33,18967,68,33,33,1,0.0009929291409658493,33235,2021-01/2026-08,editorial,web
likemetkovic.hr,32,11754,68,32,32,1,0.0009628403791183993,33235,2021-01/2026-08,editorial,web
lavoce.hr,31,11629,32,31,31,0,0.0009327516172709493,33235,2021-01/2026-08,editorial,web
klikni.hr,30,17499,55,30,30,0,0.0009026628554234993,33235,2021-01/2026-08,editorial,web
promise.hr,30,1700,68,30,30,1,0.0009026628554234993,33235,2021-01/2026-08,editorial,web
torpedo.media,30,36969,68,30,30,1,0.0009026628554234993,33235,2021-01/2026-08,editorial,web
mojevrijeme.hr,29,8419,68,29,29,1,0.0008725740935760493,33235,2021-01/2026-08,editorial,web
zadarskitjednik.hr,29,6407,26,29,29,0,0.0008725740935760493,33235,2021-01/2026-08,editorial,web
bjelovar.live,28,16335,65,28,28,0,0.0008424853317285994,33235,2021-01/2026-08,editorial,web
dubrovnikportal.com,28,13469,68,27,27,1,0.0008424853317285994,33235,2021-01/2026-08,editorial,web
kigo.hr,28,4861,31,28,28,0,0.0008424853317285994,33235,2021-01/2026-08,editorial,web
vinkulja.hr,28,12268,58,28,28,0,0.0008424853317285994,33235,2021-01/2026-08,editorial,web
glaspodravine.hr,27,14636,66,27,27,0,0.0008123965698811494,33235,2021-01/2026-08,editorial,web
istrage.hr,27,162,57,27,27,0,0.0008123965698811494,33235,2021-01/2026-08,editorial,web
nasabujstina.com,27,5660,45,27,27,0,0.0008123965698811494,33235,2021-01/2026-08,editorial,web
eivanec.com,25,14156,44,25,25,0,0.0007522190461862494,33235,2021-01/2026-08,editorial,web
after5.hr,24,2822,35,24,24,0,0.0007221302843387994,33235,2021-01/2026-08,editorial,web
dubrovniknet.hr,24,17925,34,24,24,0,0.0007221302843387994,33235,2021-01/2026-08,editorial,web
fiuman.hr,23,25067,68,23,23,1,0.0006920415224913495,33235,2021-01/2026-08,editorial,web
mojportal.hr,23,16374,67,23,23,0,0.0006920415224913495,33235,2021-01/2026-08,editorial,web
novagra.hr,23,7346,67,23,23,0,0.0006920415224913495,33235,2021-01/2026-08,editorial,web
srednja.hr,22,22230,68,22,22,1,0.0006619527606438995,33235,2021-01/2026-08,editorial,web
057info.hr,21,53733,68,21,21,1,0.0006318639987964495,33235,2021-01/2026-08,editorial,web
cronika.hr,21,12387,47,20,20,0,0.0006318639987964495,33235,2021-01/2026-08,editorial,web
epodravina.hr,21,44002,68,21,21,1,0.0006318639987964495,33235,2021-01/2026-08,editorial,web
journal.hr,21,30422,68,21,20,1,0.0006318639987964495,33235,2021-01/2026-08,editorial,web
makarska-danas.com,21,9819,35,21,21,0,0.0006318639987964495,33235,2021-01/2026-08,editorial,web
5portal.hr,20,21821,68,20,20,1,0.0006017752369489995,33235,2021-01/2026-08,editorial,web
paraf.hr,20,1616,23,20,20,0,0.0006017752369489995,33235,2021-01/2026-08,editorial,web
sloboda.hr,19,1258,33,19,19,0,0.0005716864751015495,33235,2021-01/2026-08,editorial,web
story.hr,19,96218,68,19,19,1,0.0005716864751015495,33235,2021-01/2026-08,editorial,web
superportal.hr,19,11099,52,19,19,0,0.0005716864751015495,33235,2021-01/2026-08,editorial,web
b-media.hr,18,556,10,18,17,0,0.0005415977132540996,33235,2021-01/2026-08,editorial,web
ideje.hr,18,524,61,18,18,0,0.0005415977132540996,33235,2021-01/2026-08,editorial,web
netokracija.com,18,3229,68,18,18,1,0.0005415977132540996,33235,2021-01/2026-08,editorial,web
zadarskiportal.com,18,7959,15,18,18,0,0.0005415977132540996,33235,2021-01/2026-08,editorial,web
mojzagreb.info,17,3687,23,17,17,0,0.0005115089514066496,33235,2021-01/2026-08,editorial,web
brodportal.hr,16,15064,68,16,16,1,0.00048142018955919964,33235,2021-01/2026-08,editorial,web
mok.hr,16,9591,64,16,16,0,0.00048142018955919964,33235,2021-01/2026-08,editorial,web
poduckun.net,16,22673,68,16,16,1,0.00048142018955919964,33235,2021-01/2026-08,editorial,web
pozeski.hr,16,12725,56,16,16,0,0.00048142018955919964,33235,2021-01/2026-08,editorial,web
rijekadanas.com,16,38473,61,16,16,0,0.00048142018955919964,33235,2021-01/2026-08,editorial,web
braniteljski-portal.com,15,3293,30,15,15,0,0.00045133142771174966,33235,2021-01/2026-08,editorial,web
glasgacke.hr,15,14051,66,15,15,0,0.00045133142771174966,33235,2021-01/2026-08,editorial,web
mega-media.hr,15,6112,67,15,15,0,0.00045133142771174966,33235,2021-01/2026-08,editorial,web
pogled.hr,15,455,15,15,15,0,0.00045133142771174966,33235,2021-01/2026-08,editorial,web
regionalexpress.hr,15,6962,17,15,15,0,0.00045133142771174966,33235,2021-01/2026-08,editorial,web
rep.hr,15,4327,58,15,15,0,0.00045133142771174966,33235,2021-01/2026-08,editorial,web
startnews.hr,15,3159,45,15,15,0,0.00045133142771174966,33235,2021-01/2026-08,editorial,web
virovitica.net,15,3445,33,15,15,0,0.00045133142771174966,33235,2021-01/2026-08,editorial,web
dubrovnikpress.hr,14,9125,48,14,14,0,0.0004212426658642997,33235,2021-01/2026-08,editorial,web
liberoportal.hr,14,16289,59,14,14,0,0.0004212426658642997,33235,2021-01/2026-08,editorial,web
noviradio.hr,14,11600,54,14,14,0,0.0004212426658642997,33235,2021-01/2026-08,editorial,web
cityportal.hr,13,17450,66,13,13,0,0.0003911539040168497,33235,2021-01/2026-08,editorial,web
glasgrada.hr,12,9090,53,12,12,0,0.0003610651421693997,33235,2021-01/2026-08,editorial,web
gloria.hr,12,44420,68,12,12,1,0.0003610651421693997,33235,2021-01/2026-08,editorial,web
in-portal.hr,12,9623,63,12,12,0,0.0003610651421693997,33235,2021-01/2026-08,editorial,web
parentium.com,12,13022,68,12,12,1,0.0003610651421693997,33235,2021-01/2026-08,editorial,web
radio808.com,12,161,32,12,12,0,0.0003610651421693997,33235,2021-01/2026-08,editorial,web
bjelovar.info,11,6996,49,11,11,0,0.00033097638032194974,33235,2021-01/2026-08,editorial,web
gspress.net,11,7495,42,11,11,0,0.00033097638032194974,33235,2021-01/2026-08,editorial,web
pozeska-kronika.hr,11,14365,68,11,11,1,0.00033097638032194974,33235,2021-01/2026-08,editorial,web
lupiga.com,10,2237,68,10,10,1,0.00030088761847449976,33235,2021-01/2026-08,editorial,web
sabh.hr,10,3857,63,10,10,0,0.00030088761847449976,33235,2021-01/2026-08,editorial,web
zgexpress.net,10,5125,64,9,9,0,0.00030088761847449976,33235,2021-01/2026-08,editorial,web
zupskiportal.hr,10,2324,66,10,10,0,0.00030088761847449976,33235,2021-01/2026-08,editorial,web
glaslike.hr,9,4659,67,9,9,0,0.0002707988566270498,33235,2021-01/2026-08,editorial,web
karlovacki.hr,9,21150,68,9,9,1,0.0002707988566270498,33235,2021-01/2026-08,editorial,web
liberal.hr,9,1010,46,9,9,0,0.0002707988566270498,33235,2021-01/2026-08,editorial,web
nasice.com,9,12052,46,9,9,0,0.0002707988566270498,33235,2021-01/2026-08,editorial,web
ploce.com.hr,9,3956,37,9,9,0,0.0002707988566270498,33235,2021-01/2026-08,editorial,web
porestina.info,9,12689,68,9,9,1,0.0002707988566270498,33235,2021-01/2026-08,editorial,web
radio-mreznica.hr,9,13425,63,9,9,0,0.0002707988566270498,33235,2021-01/2026-08,editorial,web
savjeti.hr,9,468,37,9,9,0,0.0002707988566270498,33235,2021-01/2026-08,editorial,web
istriaterramagica.eu,8,8333,49,8,8,0,0.00024071009477959982,33235,2021-01/2026-08,editorial,web
komarilos.com,8,2787,25,8,8,0,0.00024071009477959982,33235,2021-01/2026-08,editorial,web
regionalni.hr,8,2801,8,8,8,0,0.00024071009477959982,33235,2021-01/2026-08,editorial,web
stv.hr,8,8300,58,8,8,0,0.00024071009477959982,33235,2021-01/2026-08,editorial,web
trend.com.hr,8,13977,67,8,8,0,0.00024071009477959982,33235,2021-01/2026-08,editorial,web
bbzinfo.hr,7,4335,28,7,7,0,0.00021062133293214984,33235,2021-01/2026-08,editorial,web
bilten.org,7,1266,53,7,7,0,0.00021062133293214984,33235,2021-01/2026-08,editorial,web
coverstyle.hr,7,10065,67,7,7,0,0.00021062133293214984,33235,2021-01/2026-08,editorial,web
forum.tm,7,822,67,7,7,0,0.00021062133293214984,33235,2021-01/2026-08,editorial,web
pozega.eu,7,15293,68,7,7,1,0.00021062133293214984,33235,2021-01/2026-08,editorial,web
tjedno.hr,7,2531,67,7,7,0,0.00021062133293214984,33235,2021-01/2026-08,editorial,web
vidi.hr,7,8631,68,7,7,1,0.00021062133293214984,33235,2021-01/2026-08,editorial,web
energetika-net.com,6,8117,56,6,6,0,0.00018053257108469986,33235,2021-01/2026-08,editorial,web
kronikevg.com,6,15361,68,6,6,1,0.00018053257108469986,33235,2021-01/2026-08,editorial,web
budica.info,5,1107,4,5,5,0,0.00015044380923724988,33235,2021-01/2026-08,editorial,web
geopolitika.news,5,18567,55,5,5,0,0.00015044380923724988,33235,2021-01/2026-08,editorial,web
glamur.tv,5,5259,9,5,5,0,0.00015044380923724988,33235,2021-01/2026-08,editorial,web
h-alter.org,5,2575,38,5,5,0,0.00015044380923724988,33235,2021-01/2026-08,editorial,web
ps-portal.eu,5,3945,44,5,5,0,0.00015044380923724988,33235,2021-01/2026-08,editorial,web
sesvete-danas.hr,5,3608,41,5,5,0,0.00015044380923724988,33235,2021-01/2026-08,editorial,web
she.hr,5,12898,68,5,5,1,0.00015044380923724988,33235,2021-01/2026-08,editorial,web
agroklub.com,4,32118,68,4,4,1,0.00012035504738979991,33235,2021-01/2026-08,editorial,web
autograf.hr,4,2780,67,4,4,0,0.00012035504738979991,33235,2021-01/2026-08,editorial,web
bjelovarac.hr,4,3613,44,4,4,0,0.00012035504738979991,33235,2021-01/2026-08,editorial,web
burin.hr,4,5911,57,4,4,0,0.00012035504738979991,33235,2021-01/2026-08,editorial,web
danas.hr,4,519,14,4,4,0,0.00012035504738979991,33235,2021-01/2026-08,editorial,web
gorica.info,4,3127,31,4,4,0,0.00012035504738979991,33235,2021-01/2026-08,editorial,web
grazia.hr,4,15202,68,4,4,1,0.00012035504738979991,33235,2021-01/2026-08,editorial,web
metkovic-news.com,4,11291,68,4,4,1,0.00012035504738979991,33235,2021-01/2026-08,editorial,web
moje-djakovo.com,4,7670,68,4,4,1,0.00012035504738979991,33235,2021-01/2026-08,editorial,web
press032.com,4,8275,68,4,4,1,0.00012035504738979991,33235,2021-01/2026-08,editorial,web
sisak.info,4,10676,68,4,4,1,0.00012035504738979991,33235,2021-01/2026-08,editorial,web
svijetsigurnosti.com,4,972,32,4,4,0,0.00012035504738979991,33235,2021-01/2026-08,editorial,web
thedubrovniktimes.com,4,423,23,4,4,0,0.00012035504738979991,33235,2021-01/2026-08,editorial,web
vgdanas.hr,4,17461,68,4,4,1,0.00012035504738979991,33235,2021-01/2026-08,editorial,web
zagrebancija.com,4,2723,68,4,4,1,0.00012035504738979991,33235,2021-01/2026-08,editorial,web
gorskenovosti.net,3,2075,61,3,3,0,9.026628554234993e-05,33235,2021-01/2026-08,editorial,web
juzni.hr,3,72,15,3,3,0,9.026628554234993e-05,33235,2021-01/2026-08,editorial,web
labinskakomuna.eu,3,3729,32,3,3,0,9.026628554234993e-05,33235,2021-01/2026-08,editorial,web
mediadaily.biz,3,10368,66,3,3,0,9.026628554234993e-05,33235,2021-01/2026-08,editorial,web
naturala.hr,3,3386,51,3,3,0,9.026628554234993e-05,33235,2021-01/2026-08,editorial,web
obris.org,3,1604,68,3,3,1,9.026628554234993e-05,33235,2021-01/2026-08,editorial,web
otoci.net,3,8181,67,3,3,0,9.026628554234993e-05,33235,2021-01/2026-08,editorial,web
prglas.com,3,404,38,3,3,0,9.026628554234993e-05,33235,2021-01/2026-08,editorial,web
prigorskiradio.hr,3,1158,13,3,3,0,9.026628554234993e-05,33235,2021-01/2026-08,editorial,web
slavonski.hr,3,3438,32,3,3,0,9.026628554234993e-05,33235,2021-01/2026-08,editorial,web
sportcom.hr,3,34941,67,3,3,0,9.026628554234993e-05,33235,2021-01/2026-08,editorial,web
aktivirajkarlovac.net,2,74,26,2,2,0,6.0177523694899956e-05,33235,2021-01/2026-08,editorial,web
apoliticni.hr,2,5855,42,2,2,0,6.0177523694899956e-05,33235,2021-01/2026-08,editorial,web
dugopolje.org,2,171,33,2,2,0,6.0177523694899956e-05,33235,2021-01/2026-08,editorial,web
epoha.com.hr,2,587,38,2,2,0,6.0177523694899956e-05,33235,2021-01/2026-08,editorial,web
ferata.hr,2,20599,68,2,2,1,6.0177523694899956e-05,33235,2021-01/2026-08,editorial,web
globalnovine.eu,2,1285,51,2,2,0,6.0177523694899956e-05,33235,2021-01/2026-08,editorial,web
hou.hr,2,103,29,2,2,0,6.0177523694899956e-05,33235,2021-01/2026-08,editorial,web
indirektno.com,2,5054,33,2,2,0,6.0177523694899956e-05,33235,2021-01/2026-08,editorial,web
laudato.hr,2,20878,68,2,2,1,6.0177523694899956e-05,33235,2021-01/2026-08,editorial,web
lipadona.com,2,6917,68,2,2,1,6.0177523694899956e-05,33235,2021-01/2026-08,editorial,web
p-portal.net,2,1152,62,2,2,0,6.0177523694899956e-05,33235,2021-01/2026-08,editorial,web
portofon.com,2,3326,65,2,2,0,6.0177523694899956e-05,33235,2021-01/2026-08,editorial,web
radnickaprava.org,2,1016,68,2,2,1,6.0177523694899956e-05,33235,2021-01/2026-08,editorial,web
sinjskarera.hr,2,9122,68,2,2,1,6.0177523694899956e-05,33235,2021-01/2026-08,editorial,web
studioeuropa.online,2,107,27,2,2,0,6.0177523694899956e-05,33235,2021-01/2026-08,editorial,web
tiramola-media.info,2,1332,27,2,2,0,6.0177523694899956e-05,33235,2021-01/2026-08,editorial,web
valpovstina.info,2,4911,32,2,2,0,6.0177523694899956e-05,33235,2021-01/2026-08,editorial,web
zadarnews.hr,2,1212,32,2,2,0,6.0177523694899956e-05,33235,2021-01/2026-08,editorial,web
zaposlena.hr,2,879,68,2,2,1,6.0177523694899956e-05,33235,2021-01/2026-08,editorial,web
advance.hr,1,14067,68,1,1,1,3.0088761847449978e-05,33235,2021-01/2026-08,editorial,web
booksa.hr,1,4185,68,1,1,1,3.0088761847449978e-05,33235,2021-01/2026-08,editorial,web
dizajn.hr,1,177,18,1,1,0,3.0088761847449978e-05,33235,2021-01/2026-08,editorial,web
dubrovackidnevnik.hr,1,104,5,1,1,0,3.0088761847449978e-05,33235,2021-01/2026-08,editorial,web
germanijak.hr,1,43054,68,1,1,1,3.0088761847449978e-05,33235,2021-01/2026-08,editorial,web
gorgonija.com,1,314,33,1,1,0,3.0088761847449978e-05,33235,2021-01/2026-08,editorial,web
gradonacelnik.hr,1,9120,50,1,1,0,3.0088761847449978e-05,33235,2021-01/2026-08,editorial,web
green.hr,1,6717,67,1,1,0,3.0088761847449978e-05,33235,2021-01/2026-08,editorial,web
gric-gric.com,1,1217,44,1,1,0,3.0088761847449978e-05,33235,2021-01/2026-08,editorial,web
identitet.hr,1,218,34,1,1,0,3.0088761847449978e-05,33235,2021-01/2026-08,editorial,web
infovodice.com,1,3546,39,1,1,0,3.0088761847449978e-05,33235,2021-01/2026-08,editorial,web
jaskadanas.hr,1,2321,68,1,1,1,3.0088761847449978e-05,33235,2021-01/2026-08,editorial,web
kalelargainfo.hr,1,1251,28,1,1,0,3.0088761847449978e-05,33235,2021-01/2026-08,editorial,web
kulturpunkt.hr,1,3510,68,1,1,1,3.0088761847449978e-05,33235,2021-01/2026-08,editorial,web
labinstina.info,1,6730,47,1,1,0,3.0088761847449978e-05,33235,2021-01/2026-08,editorial,web
libela.org,1,420,31,1,1,0,3.0088761847449978e-05,33235,2021-01/2026-08,editorial,web
lifebuzz.hr,1,500,26,1,1,0,3.0088761847449978e-05,33235,2021-01/2026-08,editorial,web
lika-online.com,1,4314,26,1,1,0,3.0088761847449978e-05,33235,2021-01/2026-08,editorial,web
matica.hr,1,2141,41,1,1,0,3.0088761847449978e-05,33235,2021-01/2026-08,editorial,web
mvinfo.hr,1,4975,68,1,1,1,3.0088761847449978e-05,33235,2021-01/2026-08,editorial,web
novagradiska.eu,1,2314,67,1,1,0,3.0088761847449978e-05,33235,2021-01/2026-08,editorial,web
otoci.eu,1,3355,66,1,1,0,3.0088761847449978e-05,33235,2021-01/2026-08,editorial,web
pakrackilist.hr,1,4423,65,1,1,0,3.0088761847449978e-05,33235,2021-01/2026-08,editorial,web
portal53.hr,1,11568,68,1,1,1,3.0088761847449978e-05,33235,2021-01/2026-08,editorial,web
portos.hr,1,261,7,1,1,0,3.0088761847449978e-05,33235,2021-01/2026-08,editorial,web
radiopag.hr,1,2618,65,1,1,0,3.0088761847449978e-05,33235,2021-01/2026-08,editorial,web
radiosamobor.hr,1,5386,40,1,1,0,3.0088761847449978e-05,33235,2021-01/2026-08,editorial,web
riprsten.com,1,3011,43,1,1,0,3.0088761847449978e-05,33235,2021-01/2026-08,editorial,web
senjskabura.hr,1,1131,28,1,1,0,3.0088761847449978e-05,33235,2021-01/2026-08,editorial,web
sisakportal.hr,1,6903,68,1,1,1,3.0088761847449978e-05,33235,2021-01/2026-08,editorial,web
split.com.hr,1,1916,62,1,1,0,3.0088761847449978e-05,33235,2021-01/2026-08,editorial,web
sportalo.hr,1,19059,68,1,1,1,3.0088761847449978e-05,33235,2021-01/2026-08,editorial,web
sportnews.hr,1,2746,66,1,1,0,3.0088761847449978e-05,33235,2021-01/2026-08,editorial,web
stratego.hr,1,38,16,1,1,0,3.0088761847449978e-05,33235,2021-01/2026-08,editorial,web
tunera.info,1,11863,68,1,1,1,3.0088761847449978e-05,33235,2021-01/2026-08,editorial,web
vodnjanski.info,1,415,27,1,1,0,3.0088761847449978e-05,33235,2021-01/2026-08,editorial,web
voxfeminae.net,1,1474,68,1,1,1,3.0088761847449978e-05,33235,2021-01/2026-08,editorial,web
zenskirecenziraj.com,1,2677,35,1,1,0,3.0088761847449978e-05,33235,2021-01/2026-08,editorial,web
zupcica.hr,1,8456,68,1,1,1,3.0088761847449978e-05,33235,2021-01/2026-08,editorial,web
5g.hr,0,1,1,0,0,0,0.0,33235,2021-01/2026-08,editorial,web
adria.fun,0,168,11,0,0,0,0.0,33235,2021-01/2026-08,editorial,web
agroportal.hr,0,2666,58,0,0,0,0.0,33235,2021-01/2026-08,editorial,web
artkvart.hr,0,8,7,0,0,0,0.0,33235,2021-01/2026-08,editorial,web
autoportal.hr,0,8013,60,0,0,0,0.0,33235,2021-01/2026-08,editorial,web
basketball.hr,0,1943,54,0,0,0,0.0,33235,2021-01/2026-08,editorial,web
bebe.hr,0,1,1,0,0,0,0.0,33235,2021-01/2026-08,editorial,web
bitno.net,0,7284,32,0,0,0,0.0,33235,2021-01/2026-08,editorial,web
blagamisterije.com,0,8,6,0,0,0,0.0,33235,2021-01/2026-08,editorial,web
bodulija.net,0,12,11,0,0,0,0.0,33235,2021-01/2026-08,editorial,web
boljani.info,0,4,4,0,0,0,0.0,33235,2021-01/2026-08,editorial,web
book.hr,0,355,28,0,0,0,0.0,33235,2021-01/2026-08,editorial,web
budidobro.com,0,1876,53,0,0,0,0.0,33235,2021-01/2026-08,editorial,web
buro247.hr,0,10534,65,0,0,0,0.0,33235,2021-01/2026-08,editorial,web
burzanautike.com,0,2666,68,0,0,1,0.0,33235,2021-01/2026-08,editorial,web
chill.hr,0,2,2,0,0,0,0.0,33235,2021-01/2026-08,editorial,web
compas.com.hr,0,2310,32,0,0,0,0.0,33235,2021-01/2026-08,editorial,web
cool.hr,0,936,66,0,0,0,0.0,33235,2021-01/2026-08,editorial,web
cosmopolitan.hr,0,2127,23,0,0,0,0.0,33235,2021-01/2026-08,editorial,web
crikva.hr,0,4867,66,0,0,0,0.0,33235,2021-01/2026-08,editorial,web
crnemambe.hr,0,218,13,0,0,0,0.0,33235,2021-01/2026-08,editorial,web
cro-kultura.com,0,1,1,0,0,0,0.0,33235,2021-01/2026-08,editorial,web
croatianaviation.com,0,14,8,0,0,0,0.0,33235,2021-01/2026-08,editorial,web
crol.hr,0,487,44,0,0,0,0.0,33235,2021-01/2026-08,editorial,web
cybermed.hr,0,4313,46,0,0,0,0.0,33235,2021-01/2026-08,editorial,web
dijalog.hr,0,10,5,0,0,0,0.0,33235,2021-01/2026-08,editorial,web
dobarzivot.net,0,181,20,0,0,0,0.0,33235,2021-01/2026-08,editorial,web
dokumentarni.net,0,1373,45,0,0,0,0.0,33235,2021-01/2026-08,editorial,web
domoljubni.hr,0,136,11,0,0,0,0.0,33235,2021-01/2026-08,editorial,web
domovinskirat.hr,0,199,31,0,0,0,0.0,33235,2021-01/2026-08,editorial,web
dugoselo.info,0,3,2,0,0,0,0.0,33235,2021-01/2026-08,editorial,web
egradnja.hr,0,6,5,0,0,0,0.0,33235,2021-01/2026-08,editorial,web
ekovjesnik.hr,0,4078,60,0,0,0,0.0,33235,2021-01/2026-08,editorial,web
evoprice.net,0,501,26,0,0,0,0.0,33235,2021-01/2026-08,editorial,web
fightsite.hr,0,25813,63,0,0,0,0.0,33235,2021-01/2026-08,editorial,web
frendica.online,0,17,8,0,0,0,0.0,33235,2021-01/2026-08,editorial,web
gacka053.com,0,64,14,0,0,0,0.0,33235,2021-01/2026-08,editorial,web
gameperspectives.hr,0,2080,63,0,0,0,0.0,33235,2021-01/2026-08,editorial,web
generacija.hr,0,723,12,0,0,0,0.0,33235,2021-01/2026-08,editorial,web
glazba.hr,0,176,37,0,0,0,0.0,33235,2021-01/2026-08,editorial,web
glina.hr,0,1,1,0,0,0,0.0,33235,2021-01/2026-08,editorial,web
gloriaglam.hr,0,4806,60,0,0,0,0.0,33235,2021-01/2026-08,editorial,web
gong.hr,0,472,38,0,0,0,0.0,33235,2021-01/2026-08,editorial,web
grad-bjelovar.com,0,1,1,0,0,0,0.0,33235,2021-01/2026-08,editorial,web
grademoj.hr,0,1,1,0,0,0,0.0,33235,2021-01/2026-08,editorial,web
haus.hr,0,130,27,0,0,0,0.0,33235,2021-01/2026-08,editorial,web
heritagecroatia.com,0,10,5,0,0,0,0.0,33235,2021-01/2026-08,editorial,web
hrvatskauzivo.com,0,6,6,0,0,0,0.0,33235,2021-01/2026-08,editorial,web
huknet1.hr,0,1190,56,0,0,0,0.0,33235,2021-01/2026-08,editorial,web
infozona.hr,0,1262,68,0,0,1,0.0,33235,2021-01/2026-08,editorial,web
inverzija.net,0,1782,68,0,0,1,0.0,33235,2021-01/2026-08,editorial,web
kampanja.net,0,402,3,0,0,0,0.0,33235,2021-01/2026-08,editorial,web
kanal5.hr,0,1,1,0,0,0,0.0,33235,2021-01/2026-08,editorial,web
karlobag.eu,0,2,2,0,0,0,0.0,33235,2021-01/2026-08,editorial,web
kepesujsag.com,0,810,59,0,0,0,0.0,33235,2021-01/2026-08,editorial,web
klikploce.com.hr,0,7,7,0,0,0,0.0,33235,2021-01/2026-08,editorial,web
kodex.hr,0,1,1,0,0,0,0.0,33235,2021-01/2026-08,editorial,web
kritika-hdp.hr,0,25,11,0,0,0,0.0,33235,2021-01/2026-08,editorial,web
krizevci.info,0,7423,68,0,0,1,0.0,33235,2021-01/2026-08,editorial,web
krizevci.tv,0,384,6,0,0,0,0.0,33235,2021-01/2026-08,editorial,web
krugaresnica.info,0,807,12,0,0,0,0.0,33235,2021-01/2026-08,editorial,web
kulturistra.hr,0,1631,31,0,0,0,0.0,33235,2021-01/2026-08,editorial,web
libar.media,0,1,1,0,0,0,0.0,33235,2021-01/2026-08,editorial,web
licegrada.hr,0,333,32,0,0,0,0.0,33235,2021-01/2026-08,editorial,web
lika-express.hr,0,5343,68,0,0,1,0.0,33235,2021-01/2026-08,editorial,web
likaportal.com,0,80,5,0,0,0,0.0,33235,2021-01/2026-08,editorial,web
lokalnevijesti.hr,0,1,1,0,0,0,0.0,33235,2021-01/2026-08,editorial,web
metkovicnet.com,0,3,3,0,0,0,0.0,33235,2021-01/2026-08,editorial,web
metropolitan.hr,0,3,2,0,0,0,0.0,33235,2021-01/2026-08,editorial,web
mimladi.hr,0,12,9,0,0,0,0.0,33235,2021-01/2026-08,editorial,web
mixmagadria.com,0,40,20,0,0,0,0.0,33235,2021-01/2026-08,editorial,web
moja-domovina.net,0,8,5,0,0,0,0.0,33235,2021-01/2026-08,editorial,web
mojadalmacija.com,0,1044,11,0,0,0,0.0,33235,2021-01/2026-08,editorial,web
motorevija.com.hr,0,560,68,0,0,1,0.0,33235,2021-01/2026-08,editorial,web
msm.hr,0,24,11,0,0,0,0.0,33235,2021-01/2026-08,editorial,web
music-box.hr,0,2198,54,0,0,0,0.0,33235,2021-01/2026-08,editorial,web
najboljeknjige.com,0,660,68,0,0,1,0.0,33235,2021-01/2026-08,editorial,web
nasiskolji.hr,0,1887,68,0,0,1,0.0,33235,2021-01/2026-08,editorial,web
nemo-casopis.com,0,1,1,0,0,0,0.0,33235,2021-01/2026-08,editorial,web
nismosame.com,0,8,7,0,0,0,0.0,33235,2021-01/2026-08,editorial,web
nizagorjemalo.hr,0,16,14,0,0,0,0.0,33235,2021-01/2026-08,editorial,web
nogometplus.net,0,4704,65,0,0,0,0.0,33235,2021-01/2026-08,editorial,web
ogulin.eu,0,672,12,0,0,0,0.0,33235,2021-01/2026-08,editorial,web
orioninfovk.com,0,463,8,0,0,0,0.0,33235,2021-01/2026-08,editorial,web
pcchip.hr,0,7992,68,0,0,1,0.0,33235,2021-01/2026-08,editorial,web
phralipen.hr,0,149,33,0,0,0,0.0,33235,2021-01/2026-08,editorial,web
pomaknigranice.hr,0,1,1,0,0,0,0.0,33235,2021-01/2026-08,editorial,web
portal-ostro.hr,0,397,60,0,0,0,0.0,33235,2021-01/2026-08,editorial,web
portalzdravlje.hr,0,2820,46,0,0,0,0.0,33235,2021-01/2026-08,editorial,web
povijest.hr,0,3535,31,0,0,0,0.0,33235,2021-01/2026-08,editorial,web
pozeskivodic.com,0,723,14,0,0,0,0.0,33235,2021-01/2026-08,editorial,web
pulskasvakodnevnica.com,0,7,7,0,0,0,0.0,33235,2021-01/2026-08,editorial,web
rabdanas.hr,0,18,1,0,0,0,0.0,33235,2021-01/2026-08,editorial,web
radio-borovo.hr,0,11,6,0,0,0,0.0,33235,2021-01/2026-08,editorial,web
radio-gospic.com,0,3,3,0,0,0,0.0,33235,2021-01/2026-08,editorial,web
radio105.hr,0,2,2,0,0,0,0.0,33235,2021-01/2026-08,editorial,web
radioprkos.hr,0,21,3,0,0,0,0.0,33235,2021-01/2026-08,editorial,web
radiostudent.hr,0,76,21,0,0,0,0.0,33235,2021-01/2026-08,editorial,web
ravnododna.com,0,17222,68,0,0,1,0.0,33235,2021-01/2026-08,editorial,web
razvojni.hr,0,1,1,0,0,0,0.0,33235,2021-01/2026-08,editorial,web
reci.hr,0,629,59,0,0,0,0.0,33235,2021-01/2026-08,editorial,web
reporter.hr,0,3,3,0,0,0,0.0,33235,2021-01/2026-08,editorial,web
restartaj.org,0,15,9,0,0,0,0.0,33235,2021-01/2026-08,editorial,web
rivijeranews.hr,0,99,4,0,0,0,0.0,33235,2021-01/2026-08,editorial,web
romi.hr,0,242,40,0,0,0,0.0,33235,2021-01/2026-08,editorial,web
scubalife.hr,0,1885,68,0,0,1,0.0,33235,2021-01/2026-08,editorial,web
sibenskikanal.hr,0,1402,4,0,0,0,0.0,33235,2021-01/2026-08,editorial,web
sjeverozapad.hr,0,1,1,0,0,0,0.0,33235,2021-01/2026-08,editorial,web
skitnice.hr,0,5,4,0,0,0,0.0,33235,2021-01/2026-08,editorial,web
sound-report.com,0,2704,31,0,0,0,0.0,33235,2021-01/2026-08,editorial,web
sportnet.hr,0,42385,63,0,0,0,0.0,33235,2021-01/2026-08,editorial,web
srbi.hr,0,575,19,0,0,0,0.0,33235,2021-01/2026-08,editorial,web
storybook.hr,0,1,1,0,0,0,0.0,33235,2021-01/2026-08,editorial,web
thebestshop.hr,0,259,13,0,0,0,0.0,33235,2021-01/2026-08,editorial,web
total-croatia-news.com,0,1,1,0,0,0,0.0,33235,2021-01/2026-08,editorial,web
turistickeprice.hr,0,2813,54,0,0,0,0.0,33235,2021-01/2026-08,editorial,web
turizam.media,0,3,3,0,0,0,0.0,33235,2021-01/2026-08,editorial,web
varazdin-express.com.hr,0,6,3,0,0,0,0.0,33235,2021-01/2026-08,editorial,web
vgradu.hr,0,5,5,0,0,0,0.0,33235,2021-01/2026-08,editorial,web
vitamini.hr,0,34,3,0,0,0,0.0,33235,2021-01/2026-08,editorial,web
vizkultura.hr,0,982,49,0,0,0,0.0,33235,2021-01/2026-08,editorial,web
vjera.hr,0,20,12,0,0,0,0.0,33235,2021-01/2026-08,editorial,web
vogueadria.com,0,9318,30,0,0,0,0.0,33235,2021-01/2026-08,editorial,web
volimivanic.info,0,2014,67,0,0,0,0.0,33235,2021-01/2026-08,editorial,web
wall.hr,0,3232,66,0,0,0,0.0,33235,2021-01/2026-08,editorial,web
xpress.hr,0,30,5,0,0,0,0.0,33235,2021-01/2026-08,editorial,web
zagrebi.hr,0,143,31,0,0,0,0.0,33235,2021-01/2026-08,editorial,web
zamaaero.com,0,8819,44,0,0,0,0.0,33235,2021-01/2026-08,editorial,web
zgkult.eu,0,1,1,0,0,0,0.0,33235,2021-01/2026-08,editorial,web
zgprsten.hr,0,606,5,0,0,0,0.0,33235,2021-01/2026-08,editorial,web
ziher.hr,0,4140,68,0,0,1,0.0,33235,2021-01/2026-08,editorial,web
zip.com.hr,0,3,2,0,0,0,0.0,33235,2021-01/2026-08,editorial,web
zmaj.info,0,4,3,0,0,0,0.0,33235,2021-01/2026-08,editorial,web
zupan.hr,0,4,2,0,0,0,0.0,33235,2021-01/2026-08,editorial,web
zupanet.hr,0,23,2,0,0,0,0.0,33235,2021-01/2026-08,editorial,web
