period,collection_regime,background_all,background_i,hnb_count,hnb_i,formal_only_count,explicit_plus_context,title_mention_count,hnb_with_body,hnb_without_body,stable_hnb_count,stable_background_i,stable_hnb_i,outlet_breadth,active_outlets,exact_body_groups,observed_days,background_with_body,hnb_captures,expected_days,coverage_state,denominator_id,rate_per_10000,stable_rate_per_10000,rate_scope,study_id,corpus_id,data_version
2021-01,legacy,128395,128395,310,310,226,310,64,310,0,243,101975,243,66,280,310,31,128395,585,31,observed_all_days,AEM_web_query_i_publications_v1,24.144242377039603,23.82936994361363,share_of_monitored_query_eligible_archive,hnb-media,HNB_MEDIA,2026-09-21.1
2021-02,legacy,139420,139420,280,280,150,280,45,280,0,218,110286,218,78,290,280,28,139420,280,28,observed_all_days,AEM_web_query_i_publications_v1,20.083201836178453,19.76678816894257,share_of_monitored_query_eligible_archive,hnb-media,HNB_MEDIA,2026-09-21.1
2021-03,legacy,157728,157728,326,326,205,326,39,326,0,262,125460,262,78,279,326,31,157728,330,31,observed_all_days,AEM_web_query_i_publications_v1,20.668492594846825,20.883150007970666,share_of_monitored_query_eligible_archive,hnb-media,HNB_MEDIA,2026-09-21.1
2021-04,legacy,149203,149202,368,368,214,368,61,368,0,291,118687,291,72,276,367,30,149203,370,30,observed_all_days,AEM_web_query_i_publications_v1,24.664548732590717,24.518270745743006,share_of_monitored_query_eligible_archive,hnb-media,HNB_MEDIA,2026-09-21.1
2021-05,legacy,152768,152768,218,218,100,218,32,210,8,162,121725,162,68,279,210,31,143544,220,31,observed_all_days,AEM_web_query_i_publications_v1,14.270004189359028,13.308687615526802,share_of_monitored_query_eligible_archive,hnb-media,HNB_MEDIA,2026-09-21.1
2021-06,legacy,136995,136995,244,244,153,244,36,241,3,185,108423,185,65,272,241,30,127989,245,30,observed_all_days,AEM_web_query_i_publications_v1,17.810869009817875,17.062800328343616,share_of_monitored_query_eligible_archive,hnb-media,HNB_MEDIA,2026-09-21.1
2021-07,legacy,145438,145438,615,615,389,615,91,615,0,456,113849,456,96,270,615,31,145438,622,31,observed_all_days,AEM_web_query_i_publications_v1,42.28606003932947,40.05305272773586,share_of_monitored_query_eligible_archive,hnb-media,HNB_MEDIA,2026-09-21.1
2021-08,legacy,134984,134984,476,476,273,476,104,476,0,339,106061,339,83,269,476,31,125618,482,31,observed_all_days,AEM_web_query_i_publications_v1,35.26343862976353,31.962738424114423,share_of_monitored_query_eligible_archive,hnb-media,HNB_MEDIA,2026-09-21.1
2021-09,legacy,146929,146929,867,867,432,868,114,859,8,672,117160,672,93,276,858,30,128903,869,30,observed_all_days,AEM_web_query_i_publications_v1,59.00809234392121,57.357459883919425,share_of_monitored_query_eligible_archive,hnb-media,HNB_MEDIA,2026-09-21.1
2021-10,legacy,157443,157443,813,813,415,816,121,813,0,588,120737,588,100,275,813,31,157443,815,31,observed_all_days,AEM_web_query_i_publications_v1,51.63773556144128,48.700895334487356,share_of_monitored_query_eligible_archive,hnb-media,HNB_MEDIA,2026-09-21.1
2021-11,legacy,157945,157944,429,429,249,429,59,429,0,309,120153,309,79,270,428,30,157945,430,30,observed_all_days,AEM_web_query_i_publications_v1,27.161525604011548,25.71721055654041,share_of_monitored_query_eligible_archive,hnb-media,HNB_MEDIA,2026-09-21.1
2021-12,legacy,157016,157016,473,473,276,473,87,461,12,336,120812,336,79,275,461,31,147823,474,31,observed_all_days,AEM_web_query_i_publications_v1,30.12431854078565,27.811806774161507,share_of_monitored_query_eligible_archive,hnb-media,HNB_MEDIA,2026-09-21.1
2022-01,legacy,150355,150355,1351,1351,632,1352,428,1351,0,938,114082,938,104,267,1350,31,150355,1353,31,observed_all_days,AEM_web_query_i_publications_v1,89.85401217119484,82.22155993057625,share_of_monitored_query_eligible_archive,hnb-media,HNB_MEDIA,2026-09-21.1
2022-02,legacy,150924,150924,1512,1512,843,1512,422,1512,0,1131,113559,1131,127,272,1511,28,141878,1515,28,observed_all_days,AEM_web_query_i_publications_v1,100.18287349924465,99.59580482392413,share_of_monitored_query_eligible_archive,hnb-media,HNB_MEDIA,2026-09-21.1
2022-03,legacy,172696,172696,710,710,473,710,92,710,0,550,131090,550,109,265,709,31,172696,714,31,observed_all_days,AEM_web_query_i_publications_v1,41.11270672163802,41.955908154702875,share_of_monitored_query_eligible_archive,hnb-media,HNB_MEDIA,2026-09-21.1
2022-04,legacy,154354,154354,490,490,213,490,58,490,0,381,121323,381,76,264,490,30,154354,492,30,observed_all_days,AEM_web_query_i_publications_v1,31.745209064876843,31.40377339828392,share_of_monitored_query_eligible_archive,hnb-media,HNB_MEDIA,2026-09-21.1
2022-05,legacy,160206,160206,611,611,360,611,120,609,2,496,124721,496,80,267,609,31,150733,614,31,observed_all_days,AEM_web_query_i_publications_v1,38.138396814101846,39.768763880982355,share_of_monitored_query_eligible_archive,hnb-media,HNB_MEDIA,2026-09-21.1
2022-06,legacy,147852,147852,535,535,283,535,37,535,0,435,115266,435,85,262,535,30,147852,538,30,observed_all_days,AEM_web_query_i_publications_v1,36.18483348213078,37.73879548175525,share_of_monitored_query_eligible_archive,hnb-media,HNB_MEDIA,2026-09-21.1
2022-07,legacy,148738,148737,876,876,495,876,177,834,42,729,116915,729,97,267,833,31,129169,879,31,observed_all_days,AEM_web_query_i_publications_v1,58.89590350753343,62.35299148954368,share_of_monitored_query_eligible_archive,hnb-media,HNB_MEDIA,2026-09-21.1
2022-08,legacy,140745,140745,484,484,239,484,29,479,5,397,110788,397,82,267,479,31,130795,485,31,observed_all_days,AEM_web_query_i_publications_v1,34.38843298163345,35.834205870671916,share_of_monitored_query_eligible_archive,hnb-media,HNB_MEDIA,2026-09-21.1
2022-09,legacy,153922,153922,358,358,209,358,47,344,14,292,122284,292,74,266,343,30,131135,358,30,observed_all_days,AEM_web_query_i_publications_v1,23.25853354296332,23.878839422982566,share_of_monitored_query_eligible_archive,hnb-media,HNB_MEDIA,2026-09-21.1
2022-10,legacy,157506,157506,646,646,431,649,88,646,0,505,125538,505,95,259,646,31,157506,648,31,observed_all_days,AEM_web_query_i_publications_v1,41.014310565946694,40.226863579155314,share_of_monitored_query_eligible_archive,hnb-media,HNB_MEDIA,2026-09-21.1
2022-11,legacy,146476,146476,497,497,318,497,45,492,5,384,117128,384,101,267,492,30,135343,498,30,observed_all_days,AEM_web_query_i_publications_v1,33.930473251590705,32.784645857523394,share_of_monitored_query_eligible_archive,hnb-media,HNB_MEDIA,2026-09-21.1
2022-12,legacy,144990,144989,1047,1047,585,1048,148,1047,0,831,114014,831,110,266,1047,31,144965,1187,31,observed_all_days,AEM_web_query_i_publications_v1,72.21237473187621,72.88578595611065,share_of_monitored_query_eligible_archive,hnb-media,HNB_MEDIA,2026-09-21.1
2023-01,legacy,140566,140566,1227,1227,700,1227,132,1227,0,924,109187,924,134,270,1226,31,140566,1334,31,observed_all_days,AEM_web_query_i_publications_v1,87.28995631945136,84.62545907479829,share_of_monitored_query_eligible_archive,hnb-media,HNB_MEDIA,2026-09-21.1
2023-02,legacy,133741,133741,438,438,247,438,72,438,0,326,104164,326,86,269,438,28,133741,438,28,observed_all_days,AEM_web_query_i_publications_v1,32.74986728078899,31.29680119811067,share_of_monitored_query_eligible_archive,hnb-media,HNB_MEDIA,2026-09-21.1
2023-03,legacy,150016,150016,404,404,278,404,65,404,0,306,118416,306,71,267,404,31,150016,405,31,observed_all_days,AEM_web_query_i_publications_v1,26.930460750853243,25.841102553708957,share_of_monitored_query_eligible_archive,hnb-media,HNB_MEDIA,2026-09-21.1
2023-04,legacy,136060,136060,480,480,303,480,93,480,0,377,107181,377,74,263,480,30,136060,481,30,observed_all_days,AEM_web_query_i_publications_v1,35.27855357930325,35.17414467116373,share_of_monitored_query_eligible_archive,hnb-media,HNB_MEDIA,2026-09-21.1
2023-05,legacy,147465,147465,366,366,181,366,37,366,0,283,116439,283,69,273,366,31,130036,366,31,observed_all_days,AEM_web_query_i_publications_v1,24.819448682738276,24.304571492369394,share_of_monitored_query_eligible_archive,hnb-media,HNB_MEDIA,2026-09-21.1
2023-06,legacy,144859,144859,379,379,204,379,36,379,0,295,114980,295,78,267,379,30,144859,380,30,observed_all_days,AEM_web_query_i_publications_v1,26.16337265893041,25.65663593668464,share_of_monitored_query_eligible_archive,hnb-media,HNB_MEDIA,2026-09-21.1
2023-07,legacy,141672,141672,346,346,186,346,35,346,0,273,113811,273,69,265,346,31,141672,346,31,observed_all_days,AEM_web_query_i_publications_v1,24.422609972330452,23.987136568521496,share_of_monitored_query_eligible_archive,hnb-media,HNB_MEDIA,2026-09-21.1
2023-08,legacy,133662,133662,339,339,196,339,46,339,0,273,107495,273,70,258,339,31,133662,342,31,observed_all_days,AEM_web_query_i_publications_v1,25.362481483144048,25.3965300711661,share_of_monitored_query_eligible_archive,hnb-media,HNB_MEDIA,2026-09-21.1
2023-09,legacy,136070,136070,486,486,259,486,65,486,0,375,110962,375,82,256,486,30,136070,489,30,observed_all_days,AEM_web_query_i_publications_v1,35.716910413757624,33.795353364214776,share_of_monitored_query_eligible_archive,hnb-media,HNB_MEDIA,2026-09-21.1
2023-10,legacy,146116,146116,277,277,177,277,44,277,0,215,118396,215,66,259,277,31,146116,277,31,observed_all_days,AEM_web_query_i_publications_v1,18.95754058419338,18.15939727693503,share_of_monitored_query_eligible_archive,hnb-media,HNB_MEDIA,2026-09-21.1
2023-11,legacy,142783,142783,382,382,207,382,34,382,0,310,115315,310,79,254,381,30,142783,383,30,observed_all_days,AEM_web_query_i_publications_v1,26.75388526645329,26.88288600789143,share_of_monitored_query_eligible_archive,hnb-media,HNB_MEDIA,2026-09-21.1
2023-12,legacy,136320,136320,445,445,262,445,66,445,0,368,110771,368,74,250,445,31,136320,445,31,observed_all_days,AEM_web_query_i_publications_v1,32.64377934272301,33.22169159798142,share_of_monitored_query_eligible_archive,hnb-media,HNB_MEDIA,2026-09-21.1
2024-01,api_i_filter,137932,137932,430,430,270,432,73,430,0,327,110633,327,97,281,429,31,137932,431,31,observed_all_days,AEM_web_query_i_publications_v1,31.174781776527563,29.557184565183988,share_of_monitored_query_eligible_archive,hnb-media,HNB_MEDIA,2026-09-21.1
2024-02,api_i_filter,139240,139240,261,261,144,261,16,261,0,180,109169,180,52,307,261,29,139240,262,29,observed_all_days,AEM_web_query_i_publications_v1,18.74461361677679,16.4881971988385,share_of_monitored_query_eligible_archive,hnb-media,HNB_MEDIA,2026-09-21.1
2024-03,api_i_filter,158853,158853,352,352,227,352,46,352,0,280,121005,280,79,311,352,31,158853,352,31,observed_all_days,AEM_web_query_i_publications_v1,22.15885126500601,23.139539688442625,share_of_monitored_query_eligible_archive,hnb-media,HNB_MEDIA,2026-09-21.1
2024-04,api_i_filter,145738,145738,266,266,180,266,37,266,0,195,114539,195,71,310,266,30,145738,267,30,observed_all_days,AEM_web_query_i_publications_v1,18.251931548395063,17.02476885602284,share_of_monitored_query_eligible_archive,hnb-media,HNB_MEDIA,2026-09-21.1
2024-05,api_i_filter,151180,151180,270,270,167,271,33,270,0,204,117552,204,70,300,270,31,151180,271,31,observed_all_days,AEM_web_query_i_publications_v1,17.859505225558937,17.35402204981625,share_of_monitored_query_eligible_archive,hnb-media,HNB_MEDIA,2026-09-21.1
2024-06,api_i_filter,147793,147793,632,632,353,632,67,632,0,499,114816,499,94,303,631,30,147793,634,30,observed_all_days,AEM_web_query_i_publications_v1,42.76251243292984,43.46084169453734,share_of_monitored_query_eligible_archive,hnb-media,HNB_MEDIA,2026-09-21.1
2024-07,api_i_filter,147320,147320,508,508,311,508,113,508,0,394,112500,394,91,294,508,31,147320,510,31,observed_all_days,AEM_web_query_i_publications_v1,34.48275862068966,35.022222222222226,share_of_monitored_query_eligible_archive,hnb-media,HNB_MEDIA,2026-09-21.1
2024-08,api_i_filter,131093,131093,150,150,121,160,28,150,0,124,103708,124,58,288,150,31,131093,150,31,observed_all_days,AEM_web_query_i_publications_v1,11.442258549274179,11.95664751031743,share_of_monitored_query_eligible_archive,hnb-media,HNB_MEDIA,2026-09-21.1
2024-09,api_i_filter,136936,136936,248,248,152,248,31,248,0,187,108483,187,74,267,248,30,136936,249,30,observed_all_days,AEM_web_query_i_publications_v1,18.110650230764737,17.237723883004712,share_of_monitored_query_eligible_archive,hnb-media,HNB_MEDIA,2026-09-21.1
2024-10,api_i_filter,154070,154070,323,323,202,323,33,323,0,279,121467,279,61,282,322,31,154070,323,31,observed_all_days,AEM_web_query_i_publications_v1,20.964496657363537,22.969201511521646,share_of_monitored_query_eligible_archive,hnb-media,HNB_MEDIA,2026-09-21.1
2024-11,api_i_filter,152283,152283,280,280,202,280,34,280,0,231,118003,231,58,274,280,30,152283,282,30,observed_all_days,AEM_web_query_i_publications_v1,18.386819277266667,19.57577349728397,share_of_monitored_query_eligible_archive,hnb-media,HNB_MEDIA,2026-09-21.1
2024-12,api_i_filter,152869,152869,389,389,237,389,55,389,0,313,119731,313,75,277,389,31,152869,391,31,observed_all_days,AEM_web_query_i_publications_v1,25.446624233821115,26.14193483726019,share_of_monitored_query_eligible_archive,hnb-media,HNB_MEDIA,2026-09-21.1
2025-01,api_i_filter,153551,153551,751,751,475,752,73,751,0,610,119973,610,105,282,749,31,153551,752,31,observed_all_days,AEM_web_query_i_publications_v1,48.90883159341196,50.84477340734999,share_of_monitored_query_eligible_archive,hnb-media,HNB_MEDIA,2026-09-21.1
2025-02,api_i_filter,149282,149282,808,808,504,808,166,808,0,651,114972,651,106,282,808,28,149282,808,28,observed_all_days,AEM_web_query_i_publications_v1,54.12574858321834,56.622481995616326,share_of_monitored_query_eligible_archive,hnb-media,HNB_MEDIA,2026-09-21.1
2025-03,api_i_filter,160404,160404,468,468,319,468,97,468,0,389,129178,389,80,283,468,31,160404,468,31,observed_all_days,AEM_web_query_i_publications_v1,29.176329767337474,30.113486816640606,share_of_monitored_query_eligible_archive,hnb-media,HNB_MEDIA,2026-09-21.1
2025-04,api_i_filter,152270,152270,290,290,218,290,30,290,0,249,123299,249,64,275,290,30,152270,290,30,observed_all_days,AEM_web_query_i_publications_v1,19.045117225980167,20.194810987923667,share_of_monitored_query_eligible_archive,hnb-media,HNB_MEDIA,2026-09-21.1
2025-05,api_i_filter,160594,160594,304,304,225,305,24,304,0,244,128284,244,69,277,304,31,160594,304,31,observed_all_days,AEM_web_query_i_publications_v1,18.929723401870554,19.020298712232236,share_of_monitored_query_eligible_archive,hnb-media,HNB_MEDIA,2026-09-21.1
2025-06,api_i_filter,148461,148461,355,355,241,355,65,355,0,276,118430,276,70,276,354,30,148461,356,30,observed_all_days,AEM_web_query_i_publications_v1,23.91200382592061,23.304905851557884,share_of_monitored_query_eligible_archive,hnb-media,HNB_MEDIA,2026-09-21.1
2025-07,api_i_filter,155965,155965,424,424,256,425,73,424,0,331,122746,331,82,276,424,31,155965,424,31,observed_all_days,AEM_web_query_i_publications_v1,27.185586509793865,26.966255519528133,share_of_monitored_query_eligible_archive,hnb-media,HNB_MEDIA,2026-09-21.1
2025-08,api_i_filter,135588,135588,208,208,131,208,35,208,0,169,110097,169,53,268,208,31,135588,208,31,observed_all_days,AEM_web_query_i_publications_v1,15.340590612738591,15.350100366040856,share_of_monitored_query_eligible_archive,hnb-media,HNB_MEDIA,2026-09-21.1
2025-09,api_i_filter,148618,148618,410,410,245,410,52,410,0,361,120819,361,67,276,410,30,148618,410,30,observed_all_days,AEM_web_query_i_publications_v1,27.58750622401055,29.879406384757363,share_of_monitored_query_eligible_archive,hnb-media,HNB_MEDIA,2026-09-21.1
2025-10,api_i_filter,160065,160065,464,464,307,464,40,464,0,393,130321,393,76,274,463,31,160065,466,31,observed_all_days,AEM_web_query_i_publications_v1,28.988223534189235,30.1563063512404,share_of_monitored_query_eligible_archive,hnb-media,HNB_MEDIA,2026-09-21.1
2025-11,api_i_filter,147493,147493,276,276,171,276,48,276,0,235,120409,235,72,274,275,30,147493,276,30,observed_all_days,AEM_web_query_i_publications_v1,18.712752469608727,19.51681352722803,share_of_monitored_query_eligible_archive,hnb-media,HNB_MEDIA,2026-09-21.1
2025-12,api_i_filter,150131,150131,465,465,330,465,62,465,0,397,120745,397,79,277,465,31,150131,465,31,observed_all_days,AEM_web_query_i_publications_v1,30.972950290079996,32.87920824878877,share_of_monitored_query_eligible_archive,hnb-media,HNB_MEDIA,2026-09-21.1
2026-01,api_i_filter,149338,149338,997,997,592,998,109,997,0,813,119480,813,92,279,997,31,149338,997,31,observed_all_days,AEM_web_query_i_publications_v1,66.76130656631265,68.04486106461333,share_of_monitored_query_eligible_archive,hnb-media,HNB_MEDIA,2026-09-21.1
2026-02,api_i_filter,142931,142931,275,275,203,275,15,275,0,225,113910,225,59,277,275,28,142931,276,28,observed_all_days,AEM_web_query_i_publications_v1,19.240052892654496,19.752436133789836,share_of_monitored_query_eligible_archive,hnb-media,HNB_MEDIA,2026-09-21.1
2026-03,api_i_filter,167301,167301,479,479,337,479,49,479,0,410,131636,410,68,281,479,31,167301,480,31,observed_all_days,AEM_web_query_i_publications_v1,28.63103029868321,31.14649487982011,share_of_monitored_query_eligible_archive,hnb-media,HNB_MEDIA,2026-09-21.1
2026-04,api_i_filter,156948,156948,235,235,141,235,28,235,0,183,122801,183,56,279,235,30,156948,235,30,observed_all_days,AEM_web_query_i_publications_v1,14.973112113566277,14.902158777208655,share_of_monitored_query_eligible_archive,hnb-media,HNB_MEDIA,2026-09-21.1
2026-05,api_i_filter,165616,165616,638,638,411,638,123,638,0,522,126410,522,82,290,637,31,165616,640,31,observed_all_days,AEM_web_query_i_publications_v1,38.52284803400638,41.29420140811644,share_of_monitored_query_eligible_archive,hnb-media,HNB_MEDIA,2026-09-21.1
2026-06,api_i_filter,163308,163308,520,520,328,520,144,520,0,449,125335,449,68,284,520,30,163308,521,30,observed_all_days,AEM_web_query_i_publications_v1,31.84167340240527,35.823991702238004,share_of_monitored_query_eligible_archive,hnb-media,HNB_MEDIA,2026-09-21.1
2026-07,api_i_filter,158834,158834,454,454,345,454,113,454,0,376,121176,376,74,281,452,31,158834,455,31,observed_all_days,AEM_web_query_i_publications_v1,28.58330080461362,31.029246715521225,share_of_monitored_query_eligible_archive,hnb-media,HNB_MEDIA,2026-09-21.1
2026-08,api_i_filter,146510,146510,200,200,140,200,41,200,0,161,111115,161,59,281,200,31,146510,200,31,observed_all_days,AEM_web_query_i_publications_v1,13.650945327963962,14.489492867749629,share_of_monitored_query_eligible_archive,hnb-media,HNB_MEDIA,2026-09-21.1
2026-09,api_i_filter,53731,53731,76,76,48,76,14,76,0,64,40913,64,23,265,76,10,53731,76,30,partial,AEM_web_query_i_publications_v1,14.144534812305745,15.642949673697848,share_of_monitored_query_eligible_archive,hnb-media,HNB_MEDIA,2026-09-21.1
