period,period_id,period_start,period_end,scope,collection_regime,hnb_count,hnb_i,background_i,rate_per_10000,title_mention_count,title_share,hnb_domains,background_domains,breadth_share,breadth_denominator,effective_domains,top_five_share,top_ten_share,study_id,corpus_id,data_version,method_version,indicator_version,validation_status,fixed_weight_rate,fixed_weight_status,missing_panel_denominators
2021-01,2021-01,2021-01,2021-01,all,legacy,310,310,128395,24.144242377039603,64,0.2064516129032258,66,280,0.2357142857142857,domains_with_background_count_gt_0_union,27.758521086077412,0.3258064516129032,0.5129032258064516,hnb-media,HNB_MEDIA,2026-09-21.1,1.0,HNB_MEDIA_INDICATORS_1.0,descriptive_archive_counts_not_independently_validated,,not_applicable,
2021-01,2021-01,2021-01,2021-01,stable,legacy,243,243,101975,23.82936994361363,53,0.21810699588477367,42,128,0.328125,domains_with_background_count_gt_0_union,19.875126220127903,0.3991769547325103,0.6131687242798354,hnb-media,HNB_MEDIA,2026-09-21.1,1.0,HNB_MEDIA_INDICATORS_1.0,descriptive_archive_counts_not_independently_validated,19.247722018643763,available,0
2021-02,2021-02,2021-02,2021-02,all,legacy,280,280,139420,20.083201836178453,45,0.16071428571428573,78,290,0.2689655172413793,domains_with_background_count_gt_0_union,33.67697594501718,0.26785714285714285,0.4607142857142857,hnb-media,HNB_MEDIA,2026-09-21.1,1.0,HNB_MEDIA_INDICATORS_1.0,descriptive_archive_counts_not_independently_validated,,not_applicable,
2021-02,2021-02,2021-02,2021-02,stable,legacy,218,218,110286,19.76678816894257,34,0.1559633027522936,51,128,0.3984375,domains_with_background_count_gt_0_union,23.137293086660172,0.3440366972477064,0.591743119266055,hnb-media,HNB_MEDIA,2026-09-21.1,1.0,HNB_MEDIA_INDICATORS_1.0,descriptive_archive_counts_not_independently_validated,23.47808195327312,available,0
2021-03,2021-03,2021-03,2021-03,all,legacy,326,326,157728,20.668492594846825,39,0.1196319018404908,78,279,0.27956989247311825,domains_with_background_count_gt_0_union,28.958038147138968,0.3098159509202454,0.4938650306748466,hnb-media,HNB_MEDIA,2026-09-21.1,1.0,HNB_MEDIA_INDICATORS_1.0,descriptive_archive_counts_not_independently_validated,,not_applicable,
2021-03,2021-03,2021-03,2021-03,stable,legacy,262,262,125460,20.883150007970666,35,0.13358778625954199,52,128,0.40625,domains_with_background_count_gt_0_union,20.915295551492992,0.38549618320610685,0.5992366412213741,hnb-media,HNB_MEDIA,2026-09-21.1,1.0,HNB_MEDIA_INDICATORS_1.0,descriptive_archive_counts_not_independently_validated,24.9208414734695,available,0
2021-04,2021-04,2021-04,2021-04,all,legacy,368,368,149202,24.664548732590717,61,0.16576086956521738,72,276,0.2608695652173913,domains_with_background_count_gt_0_union,26.63729346970889,0.33695652173913043,0.5190217391304348,hnb-media,HNB_MEDIA,2026-09-21.1,1.0,HNB_MEDIA_INDICATORS_1.0,descriptive_archive_counts_not_independently_validated,,not_applicable,
2021-04,2021-04,2021-04,2021-04,stable,legacy,291,291,118687,24.518270745743006,51,0.17525773195876287,51,128,0.3984375,domains_with_background_count_gt_0_union,18.797114317425084,0.4261168384879725,0.6357388316151202,hnb-media,HNB_MEDIA,2026-09-21.1,1.0,HNB_MEDIA_INDICATORS_1.0,descriptive_archive_counts_not_independently_validated,30.405426326313858,available,0
2021-05,2021-05,2021-05,2021-05,all,legacy,218,218,152768,14.270004189359028,32,0.14678899082568808,68,279,0.24372759856630824,domains_with_background_count_gt_0_union,31.102094240837694,0.3073394495412844,0.46788990825688076,hnb-media,HNB_MEDIA,2026-09-21.1,1.0,HNB_MEDIA_INDICATORS_1.0,descriptive_archive_counts_not_independently_validated,,not_applicable,
2021-05,2021-05,2021-05,2021-05,stable,legacy,162,162,121725,13.308687615526802,28,0.1728395061728395,44,128,0.34375,domains_with_background_count_gt_0_union,19.791855203619914,0.41358024691358025,0.6172839506172839,hnb-media,HNB_MEDIA,2026-09-21.1,1.0,HNB_MEDIA_INDICATORS_1.0,descriptive_archive_counts_not_independently_validated,14.754803796799566,available,0
2021-06,2021-06,2021-06,2021-06,all,legacy,244,244,136995,17.810869009817875,36,0.14754098360655737,65,272,0.23897058823529413,domains_with_background_count_gt_0_union,28.678227360308288,0.3114754098360656,0.5163934426229508,hnb-media,HNB_MEDIA,2026-09-21.1,1.0,HNB_MEDIA_INDICATORS_1.0,descriptive_archive_counts_not_independently_validated,,not_applicable,
2021-06,2021-06,2021-06,2021-06,stable,legacy,185,185,108423,17.062800328343616,27,0.14594594594594595,42,128,0.328125,domains_with_background_count_gt_0_union,19.216732172936553,0.41081081081081083,0.6486486486486487,hnb-media,HNB_MEDIA,2026-09-21.1,1.0,HNB_MEDIA_INDICATORS_1.0,descriptive_archive_counts_not_independently_validated,18.65850376539754,available,0
2021-07,2021-07,2021-07,2021-07,all,legacy,615,615,145438,42.28606003932947,91,0.14796747967479676,96,270,0.35555555555555557,domains_with_background_count_gt_0_union,39.165890027958994,0.21300813008130082,0.3967479674796748,hnb-media,HNB_MEDIA,2026-09-21.1,1.0,HNB_MEDIA_INDICATORS_1.0,descriptive_archive_counts_not_independently_validated,,not_applicable,
2021-07,2021-07,2021-07,2021-07,stable,legacy,456,456,113849,40.05305272773586,60,0.13157894736842105,61,128,0.4765625,domains_with_background_count_gt_0_union,27.739594450373534,0.28728070175438597,0.5087719298245614,hnb-media,HNB_MEDIA,2026-09-21.1,1.0,HNB_MEDIA_INDICATORS_1.0,descriptive_archive_counts_not_independently_validated,35.436929378901056,available,0
2021-08,2021-08,2021-08,2021-08,all,legacy,476,476,134984,35.26343862976353,104,0.2184873949579832,83,269,0.30855018587360594,domains_with_background_count_gt_0_union,35.09541511771995,0.24789915966386555,0.4411764705882353,hnb-media,HNB_MEDIA,2026-09-21.1,1.0,HNB_MEDIA_INDICATORS_1.0,descriptive_archive_counts_not_independently_validated,,not_applicable,
2021-08,2021-08,2021-08,2021-08,stable,legacy,339,339,106061,31.962738424114423,76,0.22418879056047197,52,128,0.40625,domains_with_background_count_gt_0_union,24.02697052059377,0.336283185840708,0.5634218289085545,hnb-media,HNB_MEDIA,2026-09-21.1,1.0,HNB_MEDIA_INDICATORS_1.0,descriptive_archive_counts_not_independently_validated,34.24291195084649,available,0
2021-09,2021-09,2021-09,2021-09,all,legacy,867,867,146929,59.00809234392121,114,0.1314878892733564,93,276,0.33695652173913043,domains_with_background_count_gt_0_union,29.179340864096893,0.2918108419838524,0.48788927335640137,hnb-media,HNB_MEDIA,2026-09-21.1,1.0,HNB_MEDIA_INDICATORS_1.0,descriptive_archive_counts_not_independently_validated,,not_applicable,
2021-09,2021-09,2021-09,2021-09,stable,legacy,672,672,117160,57.357459883919425,92,0.13690476190476192,57,128,0.4453125,domains_with_background_count_gt_0_union,20.30503597122302,0.37648809523809523,0.6175595238095238,hnb-media,HNB_MEDIA,2026-09-21.1,1.0,HNB_MEDIA_INDICATORS_1.0,descriptive_archive_counts_not_independently_validated,46.951933413388495,available,0
2021-10,2021-10,2021-10,2021-10,all,legacy,813,813,157443,51.63773556144128,121,0.14883148831488316,100,275,0.36363636363636365,domains_with_background_count_gt_0_union,31.55133896606043,0.26322263222632225,0.46863468634686345,hnb-media,HNB_MEDIA,2026-09-21.1,1.0,HNB_MEDIA_INDICATORS_1.0,descriptive_archive_counts_not_independently_validated,,not_applicable,
2021-10,2021-10,2021-10,2021-10,stable,legacy,588,588,120737,48.700895334487356,79,0.13435374149659865,61,128,0.4765625,domains_with_background_count_gt_0_union,20.86062507541933,0.36394557823129253,0.6224489795918368,hnb-media,HNB_MEDIA,2026-09-21.1,1.0,HNB_MEDIA_INDICATORS_1.0,descriptive_archive_counts_not_independently_validated,38.79051538964766,available,0
2021-11,2021-11,2021-11,2021-11,all,legacy,429,429,157944,27.161525604011548,59,0.13752913752913754,79,270,0.29259259259259257,domains_with_background_count_gt_0_union,27.481110945199344,0.3123543123543124,0.5291375291375291,hnb-media,HNB_MEDIA,2026-09-21.1,1.0,HNB_MEDIA_INDICATORS_1.0,descriptive_archive_counts_not_independently_validated,,not_applicable,
2021-11,2021-11,2021-11,2021-11,stable,legacy,309,309,120153,25.71721055654041,27,0.08737864077669903,53,128,0.4140625,domains_with_background_count_gt_0_union,19.40276366592156,0.3948220064724919,0.6796116504854369,hnb-media,HNB_MEDIA,2026-09-21.1,1.0,HNB_MEDIA_INDICATORS_1.0,descriptive_archive_counts_not_independently_validated,21.999183501262937,available,0
2021-12,2021-12,2021-12,2021-12,all,legacy,473,473,157016,30.12431854078565,87,0.1839323467230444,79,275,0.2872727272727273,domains_with_background_count_gt_0_union,30.493253373313344,0.27906976744186046,0.492600422832981,hnb-media,HNB_MEDIA,2026-09-21.1,1.0,HNB_MEDIA_INDICATORS_1.0,descriptive_archive_counts_not_independently_validated,,not_applicable,
2021-12,2021-12,2021-12,2021-12,stable,legacy,336,336,120812,27.811806774161507,50,0.1488095238095238,51,128,0.3984375,domains_with_background_count_gt_0_union,21.245013172751225,0.3630952380952381,0.6130952380952381,hnb-media,HNB_MEDIA,2026-09-21.1,1.0,HNB_MEDIA_INDICATORS_1.0,descriptive_archive_counts_not_independently_validated,33.25930395905934,available,0
2022-01,2022-01,2022-01,2022-01,all,legacy,1351,1351,150355,89.85401217119484,428,0.3168023686158401,104,267,0.3895131086142322,domains_with_background_count_gt_0_union,29.581384418404888,0.27609178386380456,0.45891931902294597,hnb-media,HNB_MEDIA,2026-09-21.1,1.0,HNB_MEDIA_INDICATORS_1.0,descriptive_archive_counts_not_independently_validated,,not_applicable,
2022-01,2022-01,2022-01,2022-01,stable,legacy,938,938,114082,82.22155993057625,296,0.31556503198294245,60,128,0.46875,domains_with_background_count_gt_0_union,18.05771283145883,0.3880597014925373,0.6311300639658849,hnb-media,HNB_MEDIA,2026-09-21.1,1.0,HNB_MEDIA_INDICATORS_1.0,descriptive_archive_counts_not_independently_validated,66.32487959062712,available,0
2022-02,2022-02,2022-02,2022-02,all,legacy,1512,1512,150924,100.18287349924465,422,0.2791005291005291,127,272,0.46691176470588236,domains_with_background_count_gt_0_union,36.193781267810785,0.2414021164021164,0.4193121693121693,hnb-media,HNB_MEDIA,2026-09-21.1,1.0,HNB_MEDIA_INDICATORS_1.0,descriptive_archive_counts_not_independently_validated,,not_applicable,
2022-02,2022-02,2022-02,2022-02,stable,legacy,1131,1131,113559,99.59580482392413,312,0.27586206896551724,74,128,0.578125,domains_with_background_count_gt_0_union,23.589005476976414,0.32272325375773653,0.5570291777188329,hnb-media,HNB_MEDIA,2026-09-21.1,1.0,HNB_MEDIA_INDICATORS_1.0,descriptive_archive_counts_not_independently_validated,88.07619984647903,available,0
2022-03,2022-03,2022-03,2022-03,all,legacy,710,710,172696,41.11270672163802,92,0.1295774647887324,109,265,0.41132075471698115,domains_with_background_count_gt_0_union,32.12874442319949,0.271830985915493,0.4788732394366197,hnb-media,HNB_MEDIA,2026-09-21.1,1.0,HNB_MEDIA_INDICATORS_1.0,descriptive_archive_counts_not_independently_validated,,not_applicable,
2022-03,2022-03,2022-03,2022-03,stable,legacy,550,550,131090,41.955908154702875,58,0.10545454545454545,65,128,0.5078125,domains_with_background_count_gt_0_union,22.510790296175028,0.34363636363636363,0.5927272727272728,hnb-media,HNB_MEDIA,2026-09-21.1,1.0,HNB_MEDIA_INDICATORS_1.0,descriptive_archive_counts_not_independently_validated,41.40172833819272,available,0
2022-04,2022-04,2022-04,2022-04,all,legacy,490,490,154354,31.745209064876843,58,0.11836734693877551,76,264,0.2878787878787879,domains_with_background_count_gt_0_union,35.97542703026671,0.24081632653061225,0.42857142857142855,hnb-media,HNB_MEDIA,2026-09-21.1,1.0,HNB_MEDIA_INDICATORS_1.0,descriptive_archive_counts_not_independently_validated,,not_applicable,
2022-04,2022-04,2022-04,2022-04,stable,legacy,381,381,121323,31.40377339828392,48,0.12598425196850394,47,128,0.3671875,domains_with_background_count_gt_0_union,25.066655154550165,0.30971128608923887,0.5406824146981627,hnb-media,HNB_MEDIA,2026-09-21.1,1.0,HNB_MEDIA_INDICATORS_1.0,descriptive_archive_counts_not_independently_validated,30.68657339530211,available,0
2022-05,2022-05,2022-05,2022-05,all,legacy,611,611,160206,38.138396814101846,120,0.19639934533551553,80,267,0.299625468164794,domains_with_background_count_gt_0_union,30.497590066171064,0.28314238952536824,0.4877250409165303,hnb-media,HNB_MEDIA,2026-09-21.1,1.0,HNB_MEDIA_INDICATORS_1.0,descriptive_archive_counts_not_independently_validated,,not_applicable,
2022-05,2022-05,2022-05,2022-05,stable,legacy,496,496,124721,39.768763880982355,95,0.19153225806451613,50,128,0.390625,domains_with_background_count_gt_0_union,21.83315583954562,0.3487903225806452,0.6008064516129032,hnb-media,HNB_MEDIA,2026-09-21.1,1.0,HNB_MEDIA_INDICATORS_1.0,descriptive_archive_counts_not_independently_validated,43.23761795732989,available,0
2022-06,2022-06,2022-06,2022-06,all,legacy,535,535,147852,36.18483348213078,37,0.0691588785046729,85,262,0.3244274809160305,domains_with_background_count_gt_0_union,29.263367753808406,0.2822429906542056,0.5102803738317757,hnb-media,HNB_MEDIA,2026-09-21.1,1.0,HNB_MEDIA_INDICATORS_1.0,descriptive_archive_counts_not_independently_validated,,not_applicable,
2022-06,2022-06,2022-06,2022-06,stable,legacy,435,435,115266,37.73879548175525,22,0.05057471264367816,56,128,0.4375,domains_with_background_count_gt_0_union,21.500397682081584,0.3471264367816092,0.6183908045977011,hnb-media,HNB_MEDIA,2026-09-21.1,1.0,HNB_MEDIA_INDICATORS_1.0,descriptive_archive_counts_not_independently_validated,27.563707084749996,available,0
2022-07,2022-07,2022-07,2022-07,all,legacy,876,876,148737,58.89590350753343,177,0.20205479452054795,97,267,0.36329588014981273,domains_with_background_count_gt_0_union,34.13594306049822,0.2557077625570776,0.4577625570776256,hnb-media,HNB_MEDIA,2026-09-21.1,1.0,HNB_MEDIA_INDICATORS_1.0,descriptive_archive_counts_not_independently_validated,,not_applicable,
2022-07,2022-07,2022-07,2022-07,stable,legacy,729,729,116915,62.35299148954368,145,0.19890260631001372,65,128,0.5078125,domains_with_background_count_gt_0_union,25.130798694850334,0.30727023319615915,0.5500685871056241,hnb-media,HNB_MEDIA,2026-09-21.1,1.0,HNB_MEDIA_INDICATORS_1.0,descriptive_archive_counts_not_independently_validated,58.30665172675406,available,0
2022-08,2022-08,2022-08,2022-08,all,legacy,484,484,140745,34.38843298163345,29,0.05991735537190083,82,267,0.30711610486891383,domains_with_background_count_gt_0_union,39.26516929265839,0.22520661157024793,0.40702479338842973,hnb-media,HNB_MEDIA,2026-09-21.1,1.0,HNB_MEDIA_INDICATORS_1.0,descriptive_archive_counts_not_independently_validated,,not_applicable,
2022-08,2022-08,2022-08,2022-08,stable,legacy,397,397,110788,35.834205870671916,20,0.05037783375314862,55,128,0.4296875,domains_with_background_count_gt_0_union,28.42362488728584,0.27455919395465994,0.49622166246851385,hnb-media,HNB_MEDIA,2026-09-21.1,1.0,HNB_MEDIA_INDICATORS_1.0,descriptive_archive_counts_not_independently_validated,53.21478697300288,available,0
2022-09,2022-09,2022-09,2022-09,all,legacy,358,358,153922,23.25853354296332,47,0.13128491620111732,74,266,0.2781954887218045,domains_with_background_count_gt_0_union,27.01602023608769,0.3268156424581006,0.5335195530726257,hnb-media,HNB_MEDIA,2026-09-21.1,1.0,HNB_MEDIA_INDICATORS_1.0,descriptive_archive_counts_not_independently_validated,,not_applicable,
2022-09,2022-09,2022-09,2022-09,stable,legacy,292,292,122284,23.878839422982566,40,0.136986301369863,47,128,0.3671875,domains_with_background_count_gt_0_union,19.177687809266757,0.4006849315068493,0.6541095890410958,hnb-media,HNB_MEDIA,2026-09-21.1,1.0,HNB_MEDIA_INDICATORS_1.0,descriptive_archive_counts_not_independently_validated,18.745832937046593,available,0
2022-10,2022-10,2022-10,2022-10,all,legacy,646,646,157506,41.014310565946694,88,0.13622291021671826,95,259,0.3667953667953668,domains_with_background_count_gt_0_union,38.50489020114412,0.25077399380804954,0.41640866873065013,hnb-media,HNB_MEDIA,2026-09-21.1,1.0,HNB_MEDIA_INDICATORS_1.0,descriptive_archive_counts_not_independently_validated,,not_applicable,
2022-10,2022-10,2022-10,2022-10,stable,legacy,505,505,125538,40.226863579155314,68,0.13465346534653466,62,128,0.484375,domains_with_background_count_gt_0_union,26.250643335048892,0.3207920792079208,0.5326732673267327,hnb-media,HNB_MEDIA,2026-09-21.1,1.0,HNB_MEDIA_INDICATORS_1.0,descriptive_archive_counts_not_independently_validated,43.04904634152302,available,0
2022-11,2022-11,2022-11,2022-11,all,legacy,497,497,146476,33.930473251590705,45,0.09054325955734406,101,267,0.3782771535580524,domains_with_background_count_gt_0_union,38.99116022099447,0.2535211267605634,0.41448692152917505,hnb-media,HNB_MEDIA,2026-09-21.1,1.0,HNB_MEDIA_INDICATORS_1.0,descriptive_archive_counts_not_independently_validated,,not_applicable,
2022-11,2022-11,2022-11,2022-11,stable,legacy,384,384,117128,32.784645857523394,35,0.09114583333333333,61,128,0.4765625,domains_with_background_count_gt_0_union,25.555632582322357,0.328125,0.5364583333333334,hnb-media,HNB_MEDIA,2026-09-21.1,1.0,HNB_MEDIA_INDICATORS_1.0,descriptive_archive_counts_not_independently_validated,31.048388708828035,available,0
2022-12,2022-12,2022-12,2022-12,all,legacy,1047,1047,144989,72.21237473187621,148,0.1413562559694365,110,266,0.41353383458646614,domains_with_background_count_gt_0_union,35.85077018674167,0.2492836676217765,0.4383954154727794,hnb-media,HNB_MEDIA,2026-09-21.1,1.0,HNB_MEDIA_INDICATORS_1.0,descriptive_archive_counts_not_independently_validated,,not_applicable,
2022-12,2022-12,2022-12,2022-12,stable,legacy,831,831,114014,72.88578595611065,120,0.1444043321299639,62,128,0.484375,domains_with_background_count_gt_0_union,24.42475152972801,0.3140794223826715,0.5523465703971119,hnb-media,HNB_MEDIA,2026-09-21.1,1.0,HNB_MEDIA_INDICATORS_1.0,descriptive_archive_counts_not_independently_validated,54.52020655693759,available,0
2023-01,2023-01,2023-01,2023-01,all,legacy,1227,1227,140566,87.28995631945136,132,0.10757946210268948,134,270,0.4962962962962963,domains_with_background_count_gt_0_union,44.112895191772395,0.21515892420537897,0.3634881825590872,hnb-media,HNB_MEDIA,2026-09-21.1,1.0,HNB_MEDIA_INDICATORS_1.0,descriptive_archive_counts_not_independently_validated,,not_applicable,
2023-01,2023-01,2023-01,2023-01,stable,legacy,924,924,109187,84.62545907479829,112,0.12121212121212122,75,128,0.5859375,domains_with_background_count_gt_0_union,28.366535982457304,0.2857142857142857,0.48268398268398266,hnb-media,HNB_MEDIA,2026-09-21.1,1.0,HNB_MEDIA_INDICATORS_1.0,descriptive_archive_counts_not_independently_validated,90.05930314628205,available,0
2023-02,2023-02,2023-02,2023-02,all,legacy,438,438,133741,32.74986728078899,72,0.1643835616438356,86,269,0.31970260223048325,domains_with_background_count_gt_0_union,34.051118210862626,0.2808219178082192,0.4611872146118721,hnb-media,HNB_MEDIA,2026-09-21.1,1.0,HNB_MEDIA_INDICATORS_1.0,descriptive_archive_counts_not_independently_validated,,not_applicable,
2023-02,2023-02,2023-02,2023-02,stable,legacy,326,326,104164,31.29680119811067,57,0.17484662576687116,50,128,0.390625,domains_with_background_count_gt_0_union,21.153662420382165,0.3773006134969325,0.6196319018404908,hnb-media,HNB_MEDIA,2026-09-21.1,1.0,HNB_MEDIA_INDICATORS_1.0,descriptive_archive_counts_not_independently_validated,28.415884997628698,available,0
2023-03,2023-03,2023-03,2023-03,all,legacy,404,404,150016,26.930460750853243,65,0.1608910891089109,71,267,0.26591760299625467,domains_with_background_count_gt_0_union,30.058195211786366,0.27970297029702973,0.4777227722772277,hnb-media,HNB_MEDIA,2026-09-21.1,1.0,HNB_MEDIA_INDICATORS_1.0,descriptive_archive_counts_not_independently_validated,,not_applicable,
2023-03,2023-03,2023-03,2023-03,stable,legacy,306,306,118416,25.841102553708957,52,0.16993464052287582,42,128,0.328125,domains_with_background_count_gt_0_union,19.729456384323637,0.369281045751634,0.6274509803921569,hnb-media,HNB_MEDIA,2026-09-21.1,1.0,HNB_MEDIA_INDICATORS_1.0,descriptive_archive_counts_not_independently_validated,21.173130018779336,available,0
2023-04,2023-04,2023-04,2023-04,all,legacy,480,480,136060,35.27855357930325,93,0.19375,74,263,0.2813688212927757,domains_with_background_count_gt_0_union,28.507795100222715,0.29583333333333334,0.5166666666666667,hnb-media,HNB_MEDIA,2026-09-21.1,1.0,HNB_MEDIA_INDICATORS_1.0,descriptive_archive_counts_not_independently_validated,,not_applicable,
2023-04,2023-04,2023-04,2023-04,stable,legacy,377,377,107181,35.17414467116373,73,0.19363395225464192,48,128,0.375,domains_with_background_count_gt_0_union,20.145854004252303,0.376657824933687,0.6445623342175066,hnb-media,HNB_MEDIA,2026-09-21.1,1.0,HNB_MEDIA_INDICATORS_1.0,descriptive_archive_counts_not_independently_validated,25.391041854059857,available,0
2023-05,2023-05,2023-05,2023-05,all,legacy,366,366,147465,24.819448682738276,37,0.10109289617486339,69,273,0.25274725274725274,domains_with_background_count_gt_0_union,28.969723183391004,0.3087431693989071,0.5081967213114754,hnb-media,HNB_MEDIA,2026-09-21.1,1.0,HNB_MEDIA_INDICATORS_1.0,descriptive_archive_counts_not_independently_validated,,not_applicable,
2023-05,2023-05,2023-05,2023-05,stable,legacy,283,283,116439,24.304571492369394,23,0.0812720848056537,37,128,0.2890625,domains_with_background_count_gt_0_union,19.009969143128412,0.3992932862190813,0.657243816254417,hnb-media,HNB_MEDIA,2026-09-21.1,1.0,HNB_MEDIA_INDICATORS_1.0,descriptive_archive_counts_not_independently_validated,18.638354554593207,available,0
2023-06,2023-06,2023-06,2023-06,all,legacy,379,379,144859,26.16337265893041,36,0.09498680738786279,78,267,0.29213483146067415,domains_with_background_count_gt_0_union,30.094489838675884,0.2928759894459103,0.48021108179419525,hnb-media,HNB_MEDIA,2026-09-21.1,1.0,HNB_MEDIA_INDICATORS_1.0,descriptive_archive_counts_not_independently_validated,,not_applicable,
2023-06,2023-06,2023-06,2023-06,stable,legacy,295,295,114980,25.65663593668464,29,0.09830508474576272,49,128,0.3828125,domains_with_background_count_gt_0_union,20.944645006016845,0.3728813559322034,0.5966101694915255,hnb-media,HNB_MEDIA,2026-09-21.1,1.0,HNB_MEDIA_INDICATORS_1.0,descriptive_archive_counts_not_independently_validated,20.463355195399405,available,0
2023-07,2023-07,2023-07,2023-07,all,legacy,346,346,141672,24.422609972330452,35,0.10115606936416185,69,265,0.26037735849056604,domains_with_background_count_gt_0_union,28.46314788397527,0.3236994219653179,0.5028901734104047,hnb-media,HNB_MEDIA,2026-09-21.1,1.0,HNB_MEDIA_INDICATORS_1.0,descriptive_archive_counts_not_independently_validated,,not_applicable,
2023-07,2023-07,2023-07,2023-07,stable,legacy,273,273,113811,23.987136568521496,31,0.11355311355311355,44,128,0.34375,domains_with_background_count_gt_0_union,19.433898305084742,0.41025641025641024,0.6373626373626373,hnb-media,HNB_MEDIA,2026-09-21.1,1.0,HNB_MEDIA_INDICATORS_1.0,descriptive_archive_counts_not_independently_validated,17.760720212707607,available,0
2023-08,2023-08,2023-08,2023-08,all,legacy,339,339,133662,25.362481483144048,46,0.13569321533923304,70,258,0.2713178294573643,domains_with_background_count_gt_0_union,30.07615807380267,0.2890855457227139,0.4808259587020649,hnb-media,HNB_MEDIA,2026-09-21.1,1.0,HNB_MEDIA_INDICATORS_1.0,descriptive_archive_counts_not_independently_validated,,not_applicable,
2023-08,2023-08,2023-08,2023-08,stable,legacy,273,273,107495,25.3965300711661,36,0.13186813186813187,45,128,0.3515625,domains_with_background_count_gt_0_union,21.86242299794661,0.358974358974359,0.5897435897435898,hnb-media,HNB_MEDIA,2026-09-21.1,1.0,HNB_MEDIA_INDICATORS_1.0,descriptive_archive_counts_not_independently_validated,31.71214613905073,available,0
2023-09,2023-09,2023-09,2023-09,all,legacy,486,486,136070,35.716910413757624,65,0.1337448559670782,82,256,0.3203125,domains_with_background_count_gt_0_union,32.63277148383531,0.26954732510288065,0.44650205761316875,hnb-media,HNB_MEDIA,2026-09-21.1,1.0,HNB_MEDIA_INDICATORS_1.0,descriptive_archive_counts_not_independently_validated,,not_applicable,
2023-09,2023-09,2023-09,2023-09,stable,legacy,375,375,110962,33.795353364214776,51,0.136,50,128,0.390625,domains_with_background_count_gt_0_union,21.976090014064695,0.34933333333333333,0.5786666666666667,hnb-media,HNB_MEDIA,2026-09-21.1,1.0,HNB_MEDIA_INDICATORS_1.0,descriptive_archive_counts_not_independently_validated,25.404920423508667,available,0
2023-10,2023-10,2023-10,2023-10,all,legacy,277,277,146116,18.95754058419338,44,0.1588447653429603,66,259,0.2548262548262548,domains_with_background_count_gt_0_union,32.09075700543706,0.2779783393501805,0.4620938628158845,hnb-media,HNB_MEDIA,2026-09-21.1,1.0,HNB_MEDIA_INDICATORS_1.0,descriptive_archive_counts_not_independently_validated,,not_applicable,
2023-10,2023-10,2023-10,2023-10,stable,legacy,215,215,118396,18.15939727693503,37,0.17209302325581396,44,128,0.34375,domains_with_background_count_gt_0_union,22.648211660950516,0.3581395348837209,0.5674418604651162,hnb-media,HNB_MEDIA,2026-09-21.1,1.0,HNB_MEDIA_INDICATORS_1.0,descriptive_archive_counts_not_independently_validated,23.46005972811262,available,0
2023-11,2023-11,2023-11,2023-11,all,legacy,382,382,142783,26.75388526645329,34,0.08900523560209424,79,254,0.3110236220472441,domains_with_background_count_gt_0_union,37.18756371049949,0.23298429319371727,0.4162303664921466,hnb-media,HNB_MEDIA,2026-09-21.1,1.0,HNB_MEDIA_INDICATORS_1.0,descriptive_archive_counts_not_independently_validated,,not_applicable,
2023-11,2023-11,2023-11,2023-11,stable,legacy,310,310,115315,26.88288600789143,30,0.0967741935483871,52,128,0.40625,domains_with_background_count_gt_0_union,27.131564088085828,0.2870967741935484,0.5096774193548387,hnb-media,HNB_MEDIA,2026-09-21.1,1.0,HNB_MEDIA_INDICATORS_1.0,descriptive_archive_counts_not_independently_validated,23.57427368811595,available,0
2023-12,2023-12,2023-12,2023-12,all,legacy,445,445,136320,32.64377934272301,66,0.14831460674157304,74,250,0.296,domains_with_background_count_gt_0_union,29.818551422978466,0.2696629213483146,0.47415730337078654,hnb-media,HNB_MEDIA,2026-09-21.1,1.0,HNB_MEDIA_INDICATORS_1.0,descriptive_archive_counts_not_independently_validated,,not_applicable,
2023-12,2023-12,2023-12,2023-12,stable,legacy,368,368,110771,33.22169159798142,52,0.14130434782608695,51,128,0.3984375,domains_with_background_count_gt_0_union,22.976586359009165,0.32608695652173914,0.5679347826086957,hnb-media,HNB_MEDIA,2026-09-21.1,1.0,HNB_MEDIA_INDICATORS_1.0,descriptive_archive_counts_not_independently_validated,24.712904356970856,available,0
2024-01,2024-01,2024-01,2024-01,all,api,430,430,137932,31.174781776527563,73,0.1697674418604651,97,281,0.34519572953736655,domains_with_background_count_gt_0_union,35.503072196620586,0.2651162790697674,0.43953488372093025,hnb-media,HNB_MEDIA,2026-09-21.1,1.0,HNB_MEDIA_INDICATORS_1.0,descriptive_archive_counts_not_independently_validated,,not_applicable,
2024-01,2024-01,2024-01,2024-01,stable,api,327,327,110633,29.557184565183988,59,0.18042813455657492,60,128,0.46875,domains_with_background_count_gt_0_union,23.980488898856244,0.3486238532110092,0.5596330275229358,hnb-media,HNB_MEDIA,2026-09-21.1,1.0,HNB_MEDIA_INDICATORS_1.0,descriptive_archive_counts_not_independently_validated,34.2856998032442,available,0
2024-02,2024-02,2024-02,2024-02,all,api,261,261,139240,18.74461361677679,16,0.06130268199233716,52,307,0.16938110749185667,domains_with_background_count_gt_0_union,23.037199864727764,0.3448275862068966,0.5747126436781609,hnb-media,HNB_MEDIA,2026-09-21.1,1.0,HNB_MEDIA_INDICATORS_1.0,descriptive_archive_counts_not_independently_validated,,not_applicable,
2024-02,2024-02,2024-02,2024-02,stable,api,180,180,109169,16.4881971988385,13,0.07222222222222222,34,128,0.265625,domains_with_background_count_gt_0_union,16.927899686520377,0.4166666666666667,0.7111111111111111,hnb-media,HNB_MEDIA,2026-09-21.1,1.0,HNB_MEDIA_INDICATORS_1.0,descriptive_archive_counts_not_independently_validated,15.030376100883169,available,0
2024-03,2024-03,2024-03,2024-03,all,api,352,352,158853,22.15885126500601,46,0.13068181818181818,79,311,0.2540192926045016,domains_with_background_count_gt_0_union,33.00586041555674,0.26420454545454547,0.4659090909090909,hnb-media,HNB_MEDIA,2026-09-21.1,1.0,HNB_MEDIA_INDICATORS_1.0,descriptive_archive_counts_not_independently_validated,,not_applicable,
2024-03,2024-03,2024-03,2024-03,stable,api,280,280,121005,23.139539688442625,42,0.15,50,128,0.390625,domains_with_background_count_gt_0_union,23.333333333333332,0.33214285714285713,0.5785714285714286,hnb-media,HNB_MEDIA,2026-09-21.1,1.0,HNB_MEDIA_INDICATORS_1.0,descriptive_archive_counts_not_independently_validated,29.52365920154203,available,0
2024-04,2024-04,2024-04,2024-04,all,api,266,266,145738,18.251931548395063,37,0.13909774436090225,71,310,0.22903225806451613,domains_with_background_count_gt_0_union,25.52525252525253,0.3233082706766917,0.5263157894736842,hnb-media,HNB_MEDIA,2026-09-21.1,1.0,HNB_MEDIA_INDICATORS_1.0,descriptive_archive_counts_not_independently_validated,,not_applicable,
2024-04,2024-04,2024-04,2024-04,stable,api,195,195,114539,17.02476885602284,24,0.12307692307692308,47,128,0.3671875,domains_with_background_count_gt_0_union,21.666666666666664,0.35384615384615387,0.6153846153846154,hnb-media,HNB_MEDIA,2026-09-21.1,1.0,HNB_MEDIA_INDICATORS_1.0,descriptive_archive_counts_not_independently_validated,20.129204080308938,available,0
2024-05,2024-05,2024-05,2024-05,all,api,270,270,151180,17.859505225558937,33,0.12222222222222222,70,300,0.23333333333333334,domains_with_background_count_gt_0_union,34.03361344537815,0.25925925925925924,0.4444444444444444,hnb-media,HNB_MEDIA,2026-09-21.1,1.0,HNB_MEDIA_INDICATORS_1.0,descriptive_archive_counts_not_independently_validated,,not_applicable,
2024-05,2024-05,2024-05,2024-05,stable,api,204,204,117552,17.35402204981625,29,0.14215686274509803,39,128,0.3046875,domains_with_background_count_gt_0_union,22.20704375667022,0.3431372549019608,0.5882352941176471,hnb-media,HNB_MEDIA,2026-09-21.1,1.0,HNB_MEDIA_INDICATORS_1.0,descriptive_archive_counts_not_independently_validated,17.55305249498785,available,0
2024-06,2024-06,2024-06,2024-06,all,api,632,632,147793,42.76251243292984,67,0.1060126582278481,94,303,0.3102310231023102,domains_with_background_count_gt_0_union,33.1527224435591,0.254746835443038,0.44936708860759494,hnb-media,HNB_MEDIA,2026-09-21.1,1.0,HNB_MEDIA_INDICATORS_1.0,descriptive_archive_counts_not_independently_validated,,not_applicable,
2024-06,2024-06,2024-06,2024-06,stable,api,499,499,114816,43.46084169453734,55,0.11022044088176353,54,128,0.421875,domains_with_background_count_gt_0_union,22.527910974396093,0.3226452905811623,0.5691382765531062,hnb-media,HNB_MEDIA,2026-09-21.1,1.0,HNB_MEDIA_INDICATORS_1.0,descriptive_archive_counts_not_independently_validated,36.515356092414976,available,0
2024-07,2024-07,2024-07,2024-07,all,api,508,508,147320,34.48275862068966,113,0.22244094488188976,91,294,0.30952380952380953,domains_with_background_count_gt_0_union,32.330744174392386,0.27165354330708663,0.468503937007874,hnb-media,HNB_MEDIA,2026-09-21.1,1.0,HNB_MEDIA_INDICATORS_1.0,descriptive_archive_counts_not_independently_validated,,not_applicable,
2024-07,2024-07,2024-07,2024-07,stable,api,394,394,112500,35.022222222222226,92,0.233502538071066,59,128,0.4609375,domains_with_background_count_gt_0_union,23.114353782013104,0.3350253807106599,0.5761421319796954,hnb-media,HNB_MEDIA,2026-09-21.1,1.0,HNB_MEDIA_INDICATORS_1.0,descriptive_archive_counts_not_independently_validated,38.1862976600828,available,0
2024-08,2024-08,2024-08,2024-08,all,api,150,150,131093,11.442258549274179,28,0.18666666666666668,58,288,0.2013888888888889,domains_with_background_count_gt_0_union,28.195488721804512,0.31333333333333335,0.5,hnb-media,HNB_MEDIA,2026-09-21.1,1.0,HNB_MEDIA_INDICATORS_1.0,descriptive_archive_counts_not_independently_validated,,not_applicable,
2024-08,2024-08,2024-08,2024-08,stable,api,124,124,103708,11.95664751031743,24,0.1935483870967742,42,128,0.328125,domains_with_background_count_gt_0_union,20.83468834688347,0.3790322580645161,0.6048387096774194,hnb-media,HNB_MEDIA,2026-09-21.1,1.0,HNB_MEDIA_INDICATORS_1.0,descriptive_archive_counts_not_independently_validated,24.543091040417416,available,0
2024-09,2024-09,2024-09,2024-09,all,api,248,248,136936,18.110650230764737,31,0.125,74,267,0.27715355805243447,domains_with_background_count_gt_0_union,36.78468899521531,0.24193548387096775,0.43548387096774194,hnb-media,HNB_MEDIA,2026-09-21.1,1.0,HNB_MEDIA_INDICATORS_1.0,descriptive_archive_counts_not_independently_validated,,not_applicable,
2024-09,2024-09,2024-09,2024-09,stable,api,187,187,108483,17.237723883004712,24,0.12834224598930483,45,128,0.3515625,domains_with_background_count_gt_0_union,24.066758430832756,0.32085561497326204,0.5775401069518716,hnb-media,HNB_MEDIA,2026-09-21.1,1.0,HNB_MEDIA_INDICATORS_1.0,descriptive_archive_counts_not_independently_validated,26.52428087599996,available,0
2024-10,2024-10,2024-10,2024-10,all,api,323,323,154070,20.964496657363537,33,0.1021671826625387,61,282,0.21631205673758866,domains_with_background_count_gt_0_union,25.01294653560297,0.3281733746130031,0.5541795665634675,hnb-media,HNB_MEDIA,2026-09-21.1,1.0,HNB_MEDIA_INDICATORS_1.0,descriptive_archive_counts_not_independently_validated,,not_applicable,
2024-10,2024-10,2024-10,2024-10,stable,api,279,279,121467,22.969201511521646,28,0.1003584229390681,40,128,0.3125,domains_with_background_count_gt_0_union,19.253277269354438,0.37992831541218636,0.6415770609318996,hnb-media,HNB_MEDIA,2026-09-21.1,1.0,HNB_MEDIA_INDICATORS_1.0,descriptive_archive_counts_not_independently_validated,18.051843573775898,available,0
2024-11,2024-11,2024-11,2024-11,all,api,280,280,152283,18.386819277266667,34,0.12142857142857143,58,274,0.2116788321167883,domains_with_background_count_gt_0_union,26.941580756013746,0.3142857142857143,0.5214285714285715,hnb-media,HNB_MEDIA,2026-09-21.1,1.0,HNB_MEDIA_INDICATORS_1.0,descriptive_archive_counts_not_independently_validated,,not_applicable,
2024-11,2024-11,2024-11,2024-11,stable,api,231,231,118003,19.57577349728397,33,0.14285714285714285,40,128,0.3125,domains_with_background_count_gt_0_union,20.484069097888675,0.38095238095238093,0.6190476190476191,hnb-media,HNB_MEDIA,2026-09-21.1,1.0,HNB_MEDIA_INDICATORS_1.0,descriptive_archive_counts_not_independently_validated,14.387007681287514,available,0
2024-12,2024-12,2024-12,2024-12,all,api,389,389,152869,25.446624233821115,55,0.14138817480719795,75,277,0.27075812274368233,domains_with_background_count_gt_0_union,30.453008653652645,0.2802056555269923,0.4961439588688946,hnb-media,HNB_MEDIA,2026-09-21.1,1.0,HNB_MEDIA_INDICATORS_1.0,descriptive_archive_counts_not_independently_validated,,not_applicable,
2024-12,2024-12,2024-12,2024-12,stable,api,313,313,119731,26.14193483726019,47,0.1501597444089457,49,128,0.3828125,domains_with_background_count_gt_0_union,22.683260013892106,0.3354632587859425,0.5910543130990416,hnb-media,HNB_MEDIA,2026-09-21.1,1.0,HNB_MEDIA_INDICATORS_1.0,descriptive_archive_counts_not_independently_validated,23.710156391581062,available,0
2025-01,2025-01,2025-01,2025-01,all,api,751,751,153551,48.90883159341196,73,0.09720372836218376,105,282,0.3723404255319149,domains_with_background_count_gt_0_union,34.907532338924305,0.24766977363515313,0.4434087882822903,hnb-media,HNB_MEDIA,2026-09-21.1,1.0,HNB_MEDIA_INDICATORS_1.0,descriptive_archive_counts_not_independently_validated,,not_applicable,
2025-01,2025-01,2025-01,2025-01,stable,api,610,610,119973,50.84477340734999,54,0.08852459016393442,62,128,0.484375,domains_with_background_count_gt_0_union,25.165697281211955,0.30491803278688523,0.5426229508196722,hnb-media,HNB_MEDIA,2026-09-21.1,1.0,HNB_MEDIA_INDICATORS_1.0,descriptive_archive_counts_not_independently_validated,53.17747563658683,available,0
2025-02,2025-02,2025-02,2025-02,all,api,808,808,149282,54.12574858321834,166,0.20544554455445543,106,282,0.375886524822695,domains_with_background_count_gt_0_union,35.74594831362243,0.24628712871287128,0.42326732673267325,hnb-media,HNB_MEDIA,2026-09-21.1,1.0,HNB_MEDIA_INDICATORS_1.0,descriptive_archive_counts_not_independently_validated,,not_applicable,
2025-02,2025-02,2025-02,2025-02,stable,api,651,651,114972,56.622481995616326,137,0.21044546850998463,63,128,0.4921875,domains_with_background_count_gt_0_union,25.455042344885577,0.30568356374807987,0.5253456221198156,hnb-media,HNB_MEDIA,2026-09-21.1,1.0,HNB_MEDIA_INDICATORS_1.0,descriptive_archive_counts_not_independently_validated,73.15176932918308,available,0
2025-03,2025-03,2025-03,2025-03,all,api,468,468,160404,29.176329767337474,97,0.20726495726495728,80,283,0.2826855123674912,domains_with_background_count_gt_0_union,31.129050596930075,0.27564102564102566,0.47863247863247865,hnb-media,HNB_MEDIA,2026-09-21.1,1.0,HNB_MEDIA_INDICATORS_1.0,descriptive_archive_counts_not_independently_validated,,not_applicable,
2025-03,2025-03,2025-03,2025-03,stable,api,389,389,129178,30.113486816640606,81,0.20822622107969152,55,128,0.4296875,domains_with_background_count_gt_0_union,23.1980683734478,0.33161953727506427,0.5758354755784062,hnb-media,HNB_MEDIA,2026-09-21.1,1.0,HNB_MEDIA_INDICATORS_1.0,descriptive_archive_counts_not_independently_validated,44.56903258145553,available,0
2025-04,2025-04,2025-04,2025-04,all,api,290,290,152270,19.045117225980167,30,0.10344827586206896,64,275,0.23272727272727273,domains_with_background_count_gt_0_union,26.15049751243781,0.3275862068965517,0.5413793103448276,hnb-media,HNB_MEDIA,2026-09-21.1,1.0,HNB_MEDIA_INDICATORS_1.0,descriptive_archive_counts_not_independently_validated,,not_applicable,
2025-04,2025-04,2025-04,2025-04,stable,api,249,249,123299,20.194810987923667,27,0.10843373493975904,41,128,0.3203125,domains_with_background_count_gt_0_union,20.006776379477248,0.3815261044176707,0.6305220883534136,hnb-media,HNB_MEDIA,2026-09-21.1,1.0,HNB_MEDIA_INDICATORS_1.0,descriptive_archive_counts_not_independently_validated,23.336414653579805,available,0
2025-05,2025-05,2025-05,2025-05,all,api,304,304,160594,18.929723401870554,24,0.07894736842105263,69,277,0.2490974729241877,domains_with_background_count_gt_0_union,25.61419068736142,0.34539473684210525,0.5460526315789473,hnb-media,HNB_MEDIA,2026-09-21.1,1.0,HNB_MEDIA_INDICATORS_1.0,descriptive_archive_counts_not_independently_validated,,not_applicable,
2025-05,2025-05,2025-05,2025-05,stable,api,244,244,128284,19.020298712232236,17,0.06967213114754098,41,128,0.3203125,domains_with_background_count_gt_0_union,17.438781487990628,0.430327868852459,0.680327868852459,hnb-media,HNB_MEDIA,2026-09-21.1,1.0,HNB_MEDIA_INDICATORS_1.0,descriptive_archive_counts_not_independently_validated,15.595228802534033,available,0
2025-06,2025-06,2025-06,2025-06,all,api,355,355,148461,23.91200382592061,65,0.18309859154929578,70,276,0.2536231884057971,domains_with_background_count_gt_0_union,28.871706758304693,0.29295774647887324,0.476056338028169,hnb-media,HNB_MEDIA,2026-09-21.1,1.0,HNB_MEDIA_INDICATORS_1.0,descriptive_archive_counts_not_independently_validated,,not_applicable,
2025-06,2025-06,2025-06,2025-06,stable,api,276,276,118430,23.304905851557884,48,0.17391304347826086,46,128,0.359375,domains_with_background_count_gt_0_union,19.552361396303898,0.37681159420289856,0.605072463768116,hnb-media,HNB_MEDIA,2026-09-21.1,1.0,HNB_MEDIA_INDICATORS_1.0,descriptive_archive_counts_not_independently_validated,22.890045862460063,available,0
2025-07,2025-07,2025-07,2025-07,all,api,424,424,155965,27.185586509793865,73,0.1721698113207547,82,276,0.2971014492753623,domains_with_background_count_gt_0_union,29.558697796777373,0.29009433962264153,0.49528301886792453,hnb-media,HNB_MEDIA,2026-09-21.1,1.0,HNB_MEDIA_INDICATORS_1.0,descriptive_archive_counts_not_independently_validated,,not_applicable,
2025-07,2025-07,2025-07,2025-07,stable,api,331,331,122746,26.966255519528133,55,0.1661631419939577,48,128,0.375,domains_with_background_count_gt_0_union,20.360713622003345,0.3716012084592145,0.6253776435045317,hnb-media,HNB_MEDIA,2026-09-21.1,1.0,HNB_MEDIA_INDICATORS_1.0,descriptive_archive_counts_not_independently_validated,28.685992821376832,available,0
2025-08,2025-08,2025-08,2025-08,all,api,208,208,135588,15.340590612738591,35,0.16826923076923078,53,268,0.19776119402985073,domains_with_background_count_gt_0_union,26.574938574938574,0.32211538461538464,0.5096153846153846,hnb-media,HNB_MEDIA,2026-09-21.1,1.0,HNB_MEDIA_INDICATORS_1.0,descriptive_archive_counts_not_independently_validated,,not_applicable,
2025-08,2025-08,2025-08,2025-08,stable,api,169,169,110097,15.350100366040856,24,0.14201183431952663,35,128,0.2734375,domains_with_background_count_gt_0_union,18.90205162144275,0.39644970414201186,0.6272189349112426,hnb-media,HNB_MEDIA,2026-09-21.1,1.0,HNB_MEDIA_INDICATORS_1.0,descriptive_archive_counts_not_independently_validated,13.288847424098213,available,0
2025-09,2025-09,2025-09,2025-09,all,api,410,410,148618,27.58750622401055,52,0.12682926829268293,67,276,0.2427536231884058,domains_with_background_count_gt_0_union,28.853415722622728,0.28780487804878047,0.4902439024390244,hnb-media,HNB_MEDIA,2026-09-21.1,1.0,HNB_MEDIA_INDICATORS_1.0,descriptive_archive_counts_not_independently_validated,,not_applicable,
2025-09,2025-09,2025-09,2025-09,stable,api,361,361,120819,29.879406384757363,46,0.12742382271468145,46,128,0.359375,domains_with_background_count_gt_0_union,23.15171433647184,0.3268698060941828,0.556786703601108,hnb-media,HNB_MEDIA,2026-09-21.1,1.0,HNB_MEDIA_INDICATORS_1.0,descriptive_archive_counts_not_independently_validated,28.042571020219278,available,0
2025-10,2025-10,2025-10,2025-10,all,api,464,464,160065,28.988223534189235,40,0.08620689655172414,76,274,0.2773722627737226,domains_with_background_count_gt_0_union,30.96892980437284,0.27586206896551724,0.47629310344827586,hnb-media,HNB_MEDIA,2026-09-21.1,1.0,HNB_MEDIA_INDICATORS_1.0,descriptive_archive_counts_not_independently_validated,,not_applicable,
2025-10,2025-10,2025-10,2025-10,stable,api,393,393,130321,30.1563063512404,37,0.09414758269720101,47,128,0.3671875,domains_with_background_count_gt_0_union,23.124569546339274,0.3256997455470738,0.5623409669211196,hnb-media,HNB_MEDIA,2026-09-21.1,1.0,HNB_MEDIA_INDICATORS_1.0,descriptive_archive_counts_not_independently_validated,25.94328103878403,available,0
2025-11,2025-11,2025-11,2025-11,all,api,276,276,147493,18.712752469608727,48,0.17391304347826086,72,274,0.26277372262773724,domains_with_background_count_gt_0_union,27.342426417803303,0.30434782608695654,0.5036231884057971,hnb-media,HNB_MEDIA,2026-09-21.1,1.0,HNB_MEDIA_INDICATORS_1.0,descriptive_archive_counts_not_independently_validated,,not_applicable,
2025-11,2025-11,2025-11,2025-11,stable,api,235,235,120409,19.51681352722803,42,0.17872340425531916,51,128,0.3984375,domains_with_background_count_gt_0_union,21.038095238095238,0.3574468085106383,0.5872340425531914,hnb-media,HNB_MEDIA,2026-09-21.1,1.0,HNB_MEDIA_INDICATORS_1.0,descriptive_archive_counts_not_independently_validated,19.243780217829553,available,0
2025-12,2025-12,2025-12,2025-12,all,api,465,465,150131,30.972950290079996,62,0.13333333333333333,79,277,0.2851985559566787,domains_with_background_count_gt_0_union,29.985438912772157,0.2860215053763441,0.4881720430107527,hnb-media,HNB_MEDIA,2026-09-21.1,1.0,HNB_MEDIA_INDICATORS_1.0,descriptive_archive_counts_not_independently_validated,,not_applicable,
2025-12,2025-12,2025-12,2025-12,stable,api,397,397,120745,32.87920824878877,52,0.1309823677581864,52,128,0.40625,domains_with_background_count_gt_0_union,22.772576217309638,0.3350125944584383,0.5717884130982368,hnb-media,HNB_MEDIA,2026-09-21.1,1.0,HNB_MEDIA_INDICATORS_1.0,descriptive_archive_counts_not_independently_validated,31.736836283187888,available,0
2026-01,2026-01,2026-01,2026-01,all,api,997,997,149338,66.76130656631265,109,0.10932798395185557,92,279,0.32974910394265233,domains_with_background_count_gt_0_union,30.94191439688716,0.2657973921765296,0.46940822467402205,hnb-media,HNB_MEDIA,2026-09-21.1,1.0,HNB_MEDIA_INDICATORS_1.0,descriptive_archive_counts_not_independently_validated,,not_applicable,
2026-01,2026-01,2026-01,2026-01,stable,api,813,813,119480,68.04486106461333,92,0.11316113161131611,51,128,0.3984375,domains_with_background_count_gt_0_union,22.063924959108054,0.32595325953259535,0.5756457564575646,hnb-media,HNB_MEDIA,2026-09-21.1,1.0,HNB_MEDIA_INDICATORS_1.0,descriptive_archive_counts_not_independently_validated,52.871230520814215,available,0
2026-02,2026-02,2026-02,2026-02,all,api,275,275,142931,19.240052892654496,15,0.05454545454545454,59,277,0.21299638989169675,domains_with_background_count_gt_0_union,25.961208376244418,0.3054545454545455,0.5381818181818182,hnb-media,HNB_MEDIA,2026-09-21.1,1.0,HNB_MEDIA_INDICATORS_1.0,descriptive_archive_counts_not_independently_validated,,not_applicable,
2026-02,2026-02,2026-02,2026-02,stable,api,225,225,113910,19.752436133789836,13,0.057777777777777775,38,128,0.296875,domains_with_background_count_gt_0_union,20.097260817784836,0.35555555555555557,0.6222222222222222,hnb-media,HNB_MEDIA,2026-09-21.1,1.0,HNB_MEDIA_INDICATORS_1.0,descriptive_archive_counts_not_independently_validated,16.040849127495907,available,0
2026-03,2026-03,2026-03,2026-03,all,api,479,479,167301,28.63103029868321,49,0.1022964509394572,68,281,0.24199288256227758,domains_with_background_count_gt_0_union,25.38906716830807,0.31524008350730687,0.5365344467640919,hnb-media,HNB_MEDIA,2026-09-21.1,1.0,HNB_MEDIA_INDICATORS_1.0,descriptive_archive_counts_not_independently_validated,,not_applicable,
2026-03,2026-03,2026-03,2026-03,stable,api,410,410,131636,31.14649487982011,40,0.0975609756097561,49,128,0.3828125,domains_with_background_count_gt_0_union,19.926505452821242,0.36829268292682926,0.6268292682926829,hnb-media,HNB_MEDIA,2026-09-21.1,1.0,HNB_MEDIA_INDICATORS_1.0,descriptive_archive_counts_not_independently_validated,23.588543834473516,available,0
2026-04,2026-04,2026-04,2026-04,all,api,235,235,156948,14.973112113566277,28,0.11914893617021277,56,279,0.2007168458781362,domains_with_background_count_gt_0_union,25.251486053955194,0.32340425531914896,0.5191489361702127,hnb-media,HNB_MEDIA,2026-09-21.1,1.0,HNB_MEDIA_INDICATORS_1.0,descriptive_archive_counts_not_independently_validated,,not_applicable,
2026-04,2026-04,2026-04,2026-04,stable,api,183,183,122801,14.902158777208655,21,0.11475409836065574,32,128,0.25,domains_with_background_count_gt_0_union,17.414976599063966,0.4098360655737705,0.6338797814207651,hnb-media,HNB_MEDIA,2026-09-21.1,1.0,HNB_MEDIA_INDICATORS_1.0,descriptive_archive_counts_not_independently_validated,14.112013677468843,available,0
2026-05,2026-05,2026-05,2026-05,all,api,638,638,165616,38.52284803400638,123,0.19278996865203762,82,290,0.2827586206896552,domains_with_background_count_gt_0_union,25.61636249213342,0.3181818181818182,0.5344827586206896,hnb-media,HNB_MEDIA,2026-09-21.1,1.0,HNB_MEDIA_INDICATORS_1.0,descriptive_archive_counts_not_independently_validated,,not_applicable,
2026-05,2026-05,2026-05,2026-05,stable,api,522,522,126410,41.29420140811644,100,0.19157088122605365,50,128,0.390625,domains_with_background_count_gt_0_union,19.682461716266975,0.3716475095785441,0.6206896551724138,hnb-media,HNB_MEDIA,2026-09-21.1,1.0,HNB_MEDIA_INDICATORS_1.0,descriptive_archive_counts_not_independently_validated,32.41109306573491,available,0
2026-06,2026-06,2026-06,2026-06,all,api,520,520,163308,31.84167340240527,144,0.27692307692307694,68,284,0.23943661971830985,domains_with_background_count_gt_0_union,23.686054660126135,0.3346153846153846,0.5692307692307692,hnb-media,HNB_MEDIA,2026-09-21.1,1.0,HNB_MEDIA_INDICATORS_1.0,descriptive_archive_counts_not_independently_validated,,not_applicable,
2026-06,2026-06,2026-06,2026-06,stable,api,449,449,125335,35.823991702238004,131,0.29175946547884185,42,128,0.328125,domains_with_background_count_gt_0_union,18.903047351148615,0.38752783964365256,0.6525612472160356,hnb-media,HNB_MEDIA,2026-09-21.1,1.0,HNB_MEDIA_INDICATORS_1.0,descriptive_archive_counts_not_independently_validated,25.51721669665605,available,0
2026-07,2026-07,2026-07,2026-07,all,api,454,454,158834,28.58330080461362,113,0.2488986784140969,74,281,0.26334519572953735,domains_with_background_count_gt_0_union,24.743817527010805,0.3392070484581498,0.5550660792951542,hnb-media,HNB_MEDIA,2026-09-21.1,1.0,HNB_MEDIA_INDICATORS_1.0,descriptive_archive_counts_not_independently_validated,,not_applicable,
2026-07,2026-07,2026-07,2026-07,stable,api,376,376,121176,31.029246715521225,96,0.2553191489361702,44,128,0.34375,domains_with_background_count_gt_0_union,18.055683269476372,0.4095744680851064,0.6702127659574468,hnb-media,HNB_MEDIA,2026-09-21.1,1.0,HNB_MEDIA_INDICATORS_1.0,descriptive_archive_counts_not_independently_validated,20.805094275705965,available,0
2026-08,2026-08,2026-08,2026-08,all,api,200,200,146510,13.650945327963962,41,0.205,59,281,0.2099644128113879,domains_with_background_count_gt_0_union,28.16901408450704,0.305,0.5,hnb-media,HNB_MEDIA,2026-09-21.1,1.0,HNB_MEDIA_INDICATORS_1.0,descriptive_archive_counts_not_independently_validated,,not_applicable,
2026-08,2026-08,2026-08,2026-08,stable,api,161,161,111115,14.489492867749629,33,0.20496894409937888,35,128,0.2734375,domains_with_background_count_gt_0_union,19.741812642802742,0.37888198757763975,0.6086956521739131,hnb-media,HNB_MEDIA,2026-09-21.1,1.0,HNB_MEDIA_INDICATORS_1.0,descriptive_archive_counts_not_independently_validated,16.952235505439887,available,0
