source_id,weight,panel_id,period_start,period_end,selection,study_id,corpus_id,data_version,method_version,indicator_version,validation_status
01portal.hr,0.0078125,S0_2021_01_2026_08,2021-01,2026-08,background publication observed in every full month,hnb-media,HNB_MEDIA,2026-09-21.1,1.0,HNB_MEDIA_INDICATORS_1.0,descriptive_archive_counts_not_independently_validated
034portal.hr,0.0078125,S0_2021_01_2026_08,2021-01,2026-08,background publication observed in every full month,hnb-media,HNB_MEDIA,2026-09-21.1,1.0,HNB_MEDIA_INDICATORS_1.0,descriptive_archive_counts_not_independently_validated
035portal.hr,0.0078125,S0_2021_01_2026_08,2021-01,2026-08,background publication observed in every full month,hnb-media,HNB_MEDIA,2026-09-21.1,1.0,HNB_MEDIA_INDICATORS_1.0,descriptive_archive_counts_not_independently_validated
057info.hr,0.0078125,S0_2021_01_2026_08,2021-01,2026-08,background publication observed in every full month,hnb-media,HNB_MEDIA,2026-09-21.1,1.0,HNB_MEDIA_INDICATORS_1.0,descriptive_archive_counts_not_independently_validated
24sata.hr,0.0078125,S0_2021_01_2026_08,2021-01,2026-08,background publication observed in every full month,hnb-media,HNB_MEDIA,2026-09-21.1,1.0,HNB_MEDIA_INDICATORS_1.0,descriptive_archive_counts_not_independently_validated
5portal.hr,0.0078125,S0_2021_01_2026_08,2021-01,2026-08,background publication observed in every full month,hnb-media,HNB_MEDIA,2026-09-21.1,1.0,HNB_MEDIA_INDICATORS_1.0,descriptive_archive_counts_not_independently_validated
advance.hr,0.0078125,S0_2021_01_2026_08,2021-01,2026-08,background publication observed in every full month,hnb-media,HNB_MEDIA,2026-09-21.1,1.0,HNB_MEDIA_INDICATORS_1.0,descriptive_archive_counts_not_independently_validated
agroklub.com,0.0078125,S0_2021_01_2026_08,2021-01,2026-08,background publication observed in every full month,hnb-media,HNB_MEDIA,2026-09-21.1,1.0,HNB_MEDIA_INDICATORS_1.0,descriptive_archive_counts_not_independently_validated
antenazadar.hr,0.0078125,S0_2021_01_2026_08,2021-01,2026-08,background publication observed in every full month,hnb-media,HNB_MEDIA,2026-09-21.1,1.0,HNB_MEDIA_INDICATORS_1.0,descriptive_archive_counts_not_independently_validated
baustela.hr,0.0078125,S0_2021_01_2026_08,2021-01,2026-08,background publication observed in every full month,hnb-media,HNB_MEDIA,2026-09-21.1,1.0,HNB_MEDIA_INDICATORS_1.0,descriptive_archive_counts_not_independently_validated
booksa.hr,0.0078125,S0_2021_01_2026_08,2021-01,2026-08,background publication observed in every full month,hnb-media,HNB_MEDIA,2026-09-21.1,1.0,HNB_MEDIA_INDICATORS_1.0,descriptive_archive_counts_not_independently_validated
brodportal.hr,0.0078125,S0_2021_01_2026_08,2021-01,2026-08,background publication observed in every full month,hnb-media,HNB_MEDIA,2026-09-21.1,1.0,HNB_MEDIA_INDICATORS_1.0,descriptive_archive_counts_not_independently_validated
burzanautike.com,0.0078125,S0_2021_01_2026_08,2021-01,2026-08,background publication observed in every full month,hnb-media,HNB_MEDIA,2026-09-21.1,1.0,HNB_MEDIA_INDICATORS_1.0,descriptive_archive_counts_not_independently_validated
dalmacijadanas.hr,0.0078125,S0_2021_01_2026_08,2021-01,2026-08,background publication observed in every full month,hnb-media,HNB_MEDIA,2026-09-21.1,1.0,HNB_MEDIA_INDICATORS_1.0,descriptive_archive_counts_not_independently_validated
dalmacijanews.hr,0.0078125,S0_2021_01_2026_08,2021-01,2026-08,background publication observed in every full month,hnb-media,HNB_MEDIA,2026-09-21.1,1.0,HNB_MEDIA_INDICATORS_1.0,descriptive_archive_counts_not_independently_validated
dalmatinskiportal.hr,0.0078125,S0_2021_01_2026_08,2021-01,2026-08,background publication observed in every full month,hnb-media,HNB_MEDIA,2026-09-21.1,1.0,HNB_MEDIA_INDICATORS_1.0,descriptive_archive_counts_not_independently_validated
danica.hr,0.0078125,S0_2021_01_2026_08,2021-01,2026-08,background publication observed in every full month,hnb-media,HNB_MEDIA,2026-09-21.1,1.0,HNB_MEDIA_INDICATORS_1.0,descriptive_archive_counts_not_independently_validated
direktno.hr,0.0078125,S0_2021_01_2026_08,2021-01,2026-08,background publication observed in every full month,hnb-media,HNB_MEDIA,2026-09-21.1,1.0,HNB_MEDIA_INDICATORS_1.0,descriptive_archive_counts_not_independently_validated
dnevnik.hr,0.0078125,S0_2021_01_2026_08,2021-01,2026-08,background publication observed in every full month,hnb-media,HNB_MEDIA,2026-09-21.1,1.0,HNB_MEDIA_INDICATORS_1.0,descriptive_archive_counts_not_independently_validated
dubrovnikinsider.hr,0.0078125,S0_2021_01_2026_08,2021-01,2026-08,background publication observed in every full month,hnb-media,HNB_MEDIA,2026-09-21.1,1.0,HNB_MEDIA_INDICATORS_1.0,descriptive_archive_counts_not_independently_validated
dubrovnikportal.com,0.0078125,S0_2021_01_2026_08,2021-01,2026-08,background publication observed in every full month,hnb-media,HNB_MEDIA,2026-09-21.1,1.0,HNB_MEDIA_INDICATORS_1.0,descriptive_archive_counts_not_independently_validated
dulist.hr,0.0078125,S0_2021_01_2026_08,2021-01,2026-08,background publication observed in every full month,hnb-media,HNB_MEDIA,2026-09-21.1,1.0,HNB_MEDIA_INDICATORS_1.0,descriptive_archive_counts_not_independently_validated
ebrod.net,0.0078125,S0_2021_01_2026_08,2021-01,2026-08,background publication observed in every full month,hnb-media,HNB_MEDIA,2026-09-21.1,1.0,HNB_MEDIA_INDICATORS_1.0,descriptive_archive_counts_not_independently_validated
epodravina.hr,0.0078125,S0_2021_01_2026_08,2021-01,2026-08,background publication observed in every full month,hnb-media,HNB_MEDIA,2026-09-21.1,1.0,HNB_MEDIA_INDICATORS_1.0,descriptive_archive_counts_not_independently_validated
evarazdin.hr,0.0078125,S0_2021_01_2026_08,2021-01,2026-08,background publication observed in every full month,hnb-media,HNB_MEDIA,2026-09-21.1,1.0,HNB_MEDIA_INDICATORS_1.0,descriptive_archive_counts_not_independently_validated
faktograf.hr,0.0078125,S0_2021_01_2026_08,2021-01,2026-08,background publication observed in every full month,hnb-media,HNB_MEDIA,2026-09-21.1,1.0,HNB_MEDIA_INDICATORS_1.0,descriptive_archive_counts_not_independently_validated
ferata.hr,0.0078125,S0_2021_01_2026_08,2021-01,2026-08,background publication observed in every full month,hnb-media,HNB_MEDIA,2026-09-21.1,1.0,HNB_MEDIA_INDICATORS_1.0,descriptive_archive_counts_not_independently_validated
fiuman.hr,0.0078125,S0_2021_01_2026_08,2021-01,2026-08,background publication observed in every full month,hnb-media,HNB_MEDIA,2026-09-21.1,1.0,HNB_MEDIA_INDICATORS_1.0,descriptive_archive_counts_not_independently_validated
germanijak.hr,0.0078125,S0_2021_01_2026_08,2021-01,2026-08,background publication observed in every full month,hnb-media,HNB_MEDIA,2026-09-21.1,1.0,HNB_MEDIA_INDICATORS_1.0,descriptive_archive_counts_not_independently_validated
glas-slavonije.hr,0.0078125,S0_2021_01_2026_08,2021-01,2026-08,background publication observed in every full month,hnb-media,HNB_MEDIA,2026-09-21.1,1.0,HNB_MEDIA_INDICATORS_1.0,descriptive_archive_counts_not_independently_validated
glasistre.hr,0.0078125,S0_2021_01_2026_08,2021-01,2026-08,background publication observed in every full month,hnb-media,HNB_MEDIA,2026-09-21.1,1.0,HNB_MEDIA_INDICATORS_1.0,descriptive_archive_counts_not_independently_validated
gloria.hr,0.0078125,S0_2021_01_2026_08,2021-01,2026-08,background publication observed in every full month,hnb-media,HNB_MEDIA,2026-09-21.1,1.0,HNB_MEDIA_INDICATORS_1.0,descriptive_archive_counts_not_independently_validated
grazia.hr,0.0078125,S0_2021_01_2026_08,2021-01,2026-08,background publication observed in every full month,hnb-media,HNB_MEDIA,2026-09-21.1,1.0,HNB_MEDIA_INDICATORS_1.0,descriptive_archive_counts_not_independently_validated
hia.com.hr,0.0078125,S0_2021_01_2026_08,2021-01,2026-08,background publication observed in every full month,hnb-media,HNB_MEDIA,2026-09-21.1,1.0,HNB_MEDIA_INDICATORS_1.0,descriptive_archive_counts_not_independently_validated
hkm.hr,0.0078125,S0_2021_01_2026_08,2021-01,2026-08,background publication observed in every full month,hnb-media,HNB_MEDIA,2026-09-21.1,1.0,HNB_MEDIA_INDICATORS_1.0,descriptive_archive_counts_not_independently_validated
hrt.hr,0.0078125,S0_2021_01_2026_08,2021-01,2026-08,background publication observed in every full month,hnb-media,HNB_MEDIA,2026-09-21.1,1.0,HNB_MEDIA_INDICATORS_1.0,descriptive_archive_counts_not_independently_validated
hrturizam.hr,0.0078125,S0_2021_01_2026_08,2021-01,2026-08,background publication observed in every full month,hnb-media,HNB_MEDIA,2026-09-21.1,1.0,HNB_MEDIA_INDICATORS_1.0,descriptive_archive_counts_not_independently_validated
ictbusiness.info,0.0078125,S0_2021_01_2026_08,2021-01,2026-08,background publication observed in every full month,hnb-media,HNB_MEDIA,2026-09-21.1,1.0,HNB_MEDIA_INDICATORS_1.0,descriptive_archive_counts_not_independently_validated
imperijal.net,0.0078125,S0_2021_01_2026_08,2021-01,2026-08,background publication observed in every full month,hnb-media,HNB_MEDIA,2026-09-21.1,1.0,HNB_MEDIA_INDICATORS_1.0,descriptive_archive_counts_not_independently_validated
index.hr,0.0078125,S0_2021_01_2026_08,2021-01,2026-08,background publication observed in every full month,hnb-media,HNB_MEDIA,2026-09-21.1,1.0,HNB_MEDIA_INDICATORS_1.0,descriptive_archive_counts_not_independently_validated
infozona.hr,0.0078125,S0_2021_01_2026_08,2021-01,2026-08,background publication observed in every full month,hnb-media,HNB_MEDIA,2026-09-21.1,1.0,HNB_MEDIA_INDICATORS_1.0,descriptive_archive_counts_not_independently_validated
inverzija.net,0.0078125,S0_2021_01_2026_08,2021-01,2026-08,background publication observed in every full month,hnb-media,HNB_MEDIA,2026-09-21.1,1.0,HNB_MEDIA_INDICATORS_1.0,descriptive_archive_counts_not_independently_validated
ipress.hr,0.0078125,S0_2021_01_2026_08,2021-01,2026-08,background publication observed in every full month,hnb-media,HNB_MEDIA,2026-09-21.1,1.0,HNB_MEDIA_INDICATORS_1.0,descriptive_archive_counts_not_independently_validated
istrain.hr,0.0078125,S0_2021_01_2026_08,2021-01,2026-08,background publication observed in every full month,hnb-media,HNB_MEDIA,2026-09-21.1,1.0,HNB_MEDIA_INDICATORS_1.0,descriptive_archive_counts_not_independently_validated
jaskadanas.hr,0.0078125,S0_2021_01_2026_08,2021-01,2026-08,background publication observed in every full month,hnb-media,HNB_MEDIA,2026-09-21.1,1.0,HNB_MEDIA_INDICATORS_1.0,descriptive_archive_counts_not_independently_validated
journal.hr,0.0078125,S0_2021_01_2026_08,2021-01,2026-08,background publication observed in every full month,hnb-media,HNB_MEDIA,2026-09-21.1,1.0,HNB_MEDIA_INDICATORS_1.0,descriptive_archive_counts_not_independently_validated
jutarnji.hr,0.0078125,S0_2021_01_2026_08,2021-01,2026-08,background publication observed in every full month,hnb-media,HNB_MEDIA,2026-09-21.1,1.0,HNB_MEDIA_INDICATORS_1.0,descriptive_archive_counts_not_independently_validated
karlovacki.hr,0.0078125,S0_2021_01_2026_08,2021-01,2026-08,background publication observed in every full month,hnb-media,HNB_MEDIA,2026-09-21.1,1.0,HNB_MEDIA_INDICATORS_1.0,descriptive_archive_counts_not_independently_validated
klikaj.hr,0.0078125,S0_2021_01_2026_08,2021-01,2026-08,background publication observed in every full month,hnb-media,HNB_MEDIA,2026-09-21.1,1.0,HNB_MEDIA_INDICATORS_1.0,descriptive_archive_counts_not_independently_validated
krizevci.info,0.0078125,S0_2021_01_2026_08,2021-01,2026-08,background publication observed in every full month,hnb-media,HNB_MEDIA,2026-09-21.1,1.0,HNB_MEDIA_INDICATORS_1.0,descriptive_archive_counts_not_independently_validated
kronikevg.com,0.0078125,S0_2021_01_2026_08,2021-01,2026-08,background publication observed in every full month,hnb-media,HNB_MEDIA,2026-09-21.1,1.0,HNB_MEDIA_INDICATORS_1.0,descriptive_archive_counts_not_independently_validated
kulturpunkt.hr,0.0078125,S0_2021_01_2026_08,2021-01,2026-08,background publication observed in every full month,hnb-media,HNB_MEDIA,2026-09-21.1,1.0,HNB_MEDIA_INDICATORS_1.0,descriptive_archive_counts_not_independently_validated
laudato.hr,0.0078125,S0_2021_01_2026_08,2021-01,2026-08,background publication observed in every full month,hnb-media,HNB_MEDIA,2026-09-21.1,1.0,HNB_MEDIA_INDICATORS_1.0,descriptive_archive_counts_not_independently_validated
lika-express.hr,0.0078125,S0_2021_01_2026_08,2021-01,2026-08,background publication observed in every full month,hnb-media,HNB_MEDIA,2026-09-21.1,1.0,HNB_MEDIA_INDICATORS_1.0,descriptive_archive_counts_not_independently_validated
likemetkovic.hr,0.0078125,S0_2021_01_2026_08,2021-01,2026-08,background publication observed in every full month,hnb-media,HNB_MEDIA,2026-09-21.1,1.0,HNB_MEDIA_INDICATORS_1.0,descriptive_archive_counts_not_independently_validated
lipadona.com,0.0078125,S0_2021_01_2026_08,2021-01,2026-08,background publication observed in every full month,hnb-media,HNB_MEDIA,2026-09-21.1,1.0,HNB_MEDIA_INDICATORS_1.0,descriptive_archive_counts_not_independently_validated
lupiga.com,0.0078125,S0_2021_01_2026_08,2021-01,2026-08,background publication observed in every full month,hnb-media,HNB_MEDIA,2026-09-21.1,1.0,HNB_MEDIA_INDICATORS_1.0,descriptive_archive_counts_not_independently_validated
medjimurjepress.net,0.0078125,S0_2021_01_2026_08,2021-01,2026-08,background publication observed in every full month,hnb-media,HNB_MEDIA,2026-09-21.1,1.0,HNB_MEDIA_INDICATORS_1.0,descriptive_archive_counts_not_independently_validated
metkovic-news.com,0.0078125,S0_2021_01_2026_08,2021-01,2026-08,background publication observed in every full month,hnb-media,HNB_MEDIA,2026-09-21.1,1.0,HNB_MEDIA_INDICATORS_1.0,descriptive_archive_counts_not_independently_validated
mirovina.hr,0.0078125,S0_2021_01_2026_08,2021-01,2026-08,background publication observed in every full month,hnb-media,HNB_MEDIA,2026-09-21.1,1.0,HNB_MEDIA_INDICATORS_1.0,descriptive_archive_counts_not_independently_validated
moje-djakovo.com,0.0078125,S0_2021_01_2026_08,2021-01,2026-08,background publication observed in every full month,hnb-media,HNB_MEDIA,2026-09-21.1,1.0,HNB_MEDIA_INDICATORS_1.0,descriptive_archive_counts_not_independently_validated
mojevrijeme.hr,0.0078125,S0_2021_01_2026_08,2021-01,2026-08,background publication observed in every full month,hnb-media,HNB_MEDIA,2026-09-21.1,1.0,HNB_MEDIA_INDICATORS_1.0,descriptive_archive_counts_not_independently_validated
motorevija.com.hr,0.0078125,S0_2021_01_2026_08,2021-01,2026-08,background publication observed in every full month,hnb-media,HNB_MEDIA,2026-09-21.1,1.0,HNB_MEDIA_INDICATORS_1.0,descriptive_archive_counts_not_independently_validated
muralist.hr,0.0078125,S0_2021_01_2026_08,2021-01,2026-08,background publication observed in every full month,hnb-media,HNB_MEDIA,2026-09-21.1,1.0,HNB_MEDIA_INDICATORS_1.0,descriptive_archive_counts_not_independently_validated
mvinfo.hr,0.0078125,S0_2021_01_2026_08,2021-01,2026-08,background publication observed in every full month,hnb-media,HNB_MEDIA,2026-09-21.1,1.0,HNB_MEDIA_INDICATORS_1.0,descriptive_archive_counts_not_independently_validated
nacional.hr,0.0078125,S0_2021_01_2026_08,2021-01,2026-08,background publication observed in every full month,hnb-media,HNB_MEDIA,2026-09-21.1,1.0,HNB_MEDIA_INDICATORS_1.0,descriptive_archive_counts_not_independently_validated
najboljeknjige.com,0.0078125,S0_2021_01_2026_08,2021-01,2026-08,background publication observed in every full month,hnb-media,HNB_MEDIA,2026-09-21.1,1.0,HNB_MEDIA_INDICATORS_1.0,descriptive_archive_counts_not_independently_validated
nasiskolji.hr,0.0078125,S0_2021_01_2026_08,2021-01,2026-08,background publication observed in every full month,hnb-media,HNB_MEDIA,2026-09-21.1,1.0,HNB_MEDIA_INDICATORS_1.0,descriptive_archive_counts_not_independently_validated
net.hr,0.0078125,S0_2021_01_2026_08,2021-01,2026-08,background publication observed in every full month,hnb-media,HNB_MEDIA,2026-09-21.1,1.0,HNB_MEDIA_INDICATORS_1.0,descriptive_archive_counts_not_independently_validated
netokracija.com,0.0078125,S0_2021_01_2026_08,2021-01,2026-08,background publication observed in every full month,hnb-media,HNB_MEDIA,2026-09-21.1,1.0,HNB_MEDIA_INDICATORS_1.0,descriptive_archive_counts_not_independently_validated
novilist.hr,0.0078125,S0_2021_01_2026_08,2021-01,2026-08,background publication observed in every full month,hnb-media,HNB_MEDIA,2026-09-21.1,1.0,HNB_MEDIA_INDICATORS_1.0,descriptive_archive_counts_not_independently_validated
novosti.hr,0.0078125,S0_2021_01_2026_08,2021-01,2026-08,background publication observed in every full month,hnb-media,HNB_MEDIA,2026-09-21.1,1.0,HNB_MEDIA_INDICATORS_1.0,descriptive_archive_counts_not_independently_validated
obris.org,0.0078125,S0_2021_01_2026_08,2021-01,2026-08,background publication observed in every full month,hnb-media,HNB_MEDIA,2026-09-21.1,1.0,HNB_MEDIA_INDICATORS_1.0,descriptive_archive_counts_not_independently_validated
ogportal.com,0.0078125,S0_2021_01_2026_08,2021-01,2026-08,background publication observed in every full month,hnb-media,HNB_MEDIA,2026-09-21.1,1.0,HNB_MEDIA_INDICATORS_1.0,descriptive_archive_counts_not_independently_validated
osijeknews.hr,0.0078125,S0_2021_01_2026_08,2021-01,2026-08,background publication observed in every full month,hnb-media,HNB_MEDIA,2026-09-21.1,1.0,HNB_MEDIA_INDICATORS_1.0,descriptive_archive_counts_not_independently_validated
panopticum.hr,0.0078125,S0_2021_01_2026_08,2021-01,2026-08,background publication observed in every full month,hnb-media,HNB_MEDIA,2026-09-21.1,1.0,HNB_MEDIA_INDICATORS_1.0,descriptive_archive_counts_not_independently_validated
parentium.com,0.0078125,S0_2021_01_2026_08,2021-01,2026-08,background publication observed in every full month,hnb-media,HNB_MEDIA,2026-09-21.1,1.0,HNB_MEDIA_INDICATORS_1.0,descriptive_archive_counts_not_independently_validated
pcchip.hr,0.0078125,S0_2021_01_2026_08,2021-01,2026-08,background publication observed in every full month,hnb-media,HNB_MEDIA,2026-09-21.1,1.0,HNB_MEDIA_INDICATORS_1.0,descriptive_archive_counts_not_independently_validated
podravski.hr,0.0078125,S0_2021_01_2026_08,2021-01,2026-08,background publication observed in every full month,hnb-media,HNB_MEDIA,2026-09-21.1,1.0,HNB_MEDIA_INDICATORS_1.0,descriptive_archive_counts_not_independently_validated
poduckun.net,0.0078125,S0_2021_01_2026_08,2021-01,2026-08,background publication observed in every full month,hnb-media,HNB_MEDIA,2026-09-21.1,1.0,HNB_MEDIA_INDICATORS_1.0,descriptive_archive_counts_not_independently_validated
porestina.info,0.0078125,S0_2021_01_2026_08,2021-01,2026-08,background publication observed in every full month,hnb-media,HNB_MEDIA,2026-09-21.1,1.0,HNB_MEDIA_INDICATORS_1.0,descriptive_archive_counts_not_independently_validated
portal53.hr,0.0078125,S0_2021_01_2026_08,2021-01,2026-08,background publication observed in every full month,hnb-media,HNB_MEDIA,2026-09-21.1,1.0,HNB_MEDIA_INDICATORS_1.0,descriptive_archive_counts_not_independently_validated
portalnovosti.com,0.0078125,S0_2021_01_2026_08,2021-01,2026-08,background publication observed in every full month,hnb-media,HNB_MEDIA,2026-09-21.1,1.0,HNB_MEDIA_INDICATORS_1.0,descriptive_archive_counts_not_independently_validated
poslovni-savjetnik.com,0.0078125,S0_2021_01_2026_08,2021-01,2026-08,background publication observed in every full month,hnb-media,HNB_MEDIA,2026-09-21.1,1.0,HNB_MEDIA_INDICATORS_1.0,descriptive_archive_counts_not_independently_validated
poslovni.hr,0.0078125,S0_2021_01_2026_08,2021-01,2026-08,background publication observed in every full month,hnb-media,HNB_MEDIA,2026-09-21.1,1.0,HNB_MEDIA_INDICATORS_1.0,descriptive_archive_counts_not_independently_validated
poslovnifm.com,0.0078125,S0_2021_01_2026_08,2021-01,2026-08,background publication observed in every full month,hnb-media,HNB_MEDIA,2026-09-21.1,1.0,HNB_MEDIA_INDICATORS_1.0,descriptive_archive_counts_not_independently_validated
pozega.eu,0.0078125,S0_2021_01_2026_08,2021-01,2026-08,background publication observed in every full month,hnb-media,HNB_MEDIA,2026-09-21.1,1.0,HNB_MEDIA_INDICATORS_1.0,descriptive_archive_counts_not_independently_validated
pozeska-kronika.hr,0.0078125,S0_2021_01_2026_08,2021-01,2026-08,background publication observed in every full month,hnb-media,HNB_MEDIA,2026-09-21.1,1.0,HNB_MEDIA_INDICATORS_1.0,descriptive_archive_counts_not_independently_validated
press032.com,0.0078125,S0_2021_01_2026_08,2021-01,2026-08,background publication observed in every full month,hnb-media,HNB_MEDIA,2026-09-21.1,1.0,HNB_MEDIA_INDICATORS_1.0,descriptive_archive_counts_not_independently_validated
prigorski.hr,0.0078125,S0_2021_01_2026_08,2021-01,2026-08,background publication observed in every full month,hnb-media,HNB_MEDIA,2026-09-21.1,1.0,HNB_MEDIA_INDICATORS_1.0,descriptive_archive_counts_not_independently_validated
promise.hr,0.0078125,S0_2021_01_2026_08,2021-01,2026-08,background publication observed in every full month,hnb-media,HNB_MEDIA,2026-09-21.1,1.0,HNB_MEDIA_INDICATORS_1.0,descriptive_archive_counts_not_independently_validated
radiong.hr,0.0078125,S0_2021_01_2026_08,2021-01,2026-08,background publication observed in every full month,hnb-media,HNB_MEDIA,2026-09-21.1,1.0,HNB_MEDIA_INDICATORS_1.0,descriptive_archive_counts_not_independently_validated
radnickaprava.org,0.0078125,S0_2021_01_2026_08,2021-01,2026-08,background publication observed in every full month,hnb-media,HNB_MEDIA,2026-09-21.1,1.0,HNB_MEDIA_INDICATORS_1.0,descriptive_archive_counts_not_independently_validated
ravnododna.com,0.0078125,S0_2021_01_2026_08,2021-01,2026-08,background publication observed in every full month,hnb-media,HNB_MEDIA,2026-09-21.1,1.0,HNB_MEDIA_INDICATORS_1.0,descriptive_archive_counts_not_independently_validated
regionalni.com,0.0078125,S0_2021_01_2026_08,2021-01,2026-08,background publication observed in every full month,hnb-media,HNB_MEDIA,2026-09-21.1,1.0,HNB_MEDIA_INDICATORS_1.0,descriptive_archive_counts_not_independently_validated
rtl.hr,0.0078125,S0_2021_01_2026_08,2021-01,2026-08,background publication observed in every full month,hnb-media,HNB_MEDIA,2026-09-21.1,1.0,HNB_MEDIA_INDICATORS_1.0,descriptive_archive_counts_not_independently_validated
scubalife.hr,0.0078125,S0_2021_01_2026_08,2021-01,2026-08,background publication observed in every full month,hnb-media,HNB_MEDIA,2026-09-21.1,1.0,HNB_MEDIA_INDICATORS_1.0,descriptive_archive_counts_not_independently_validated
she.hr,0.0078125,S0_2021_01_2026_08,2021-01,2026-08,background publication observed in every full month,hnb-media,HNB_MEDIA,2026-09-21.1,1.0,HNB_MEDIA_INDICATORS_1.0,descriptive_archive_counts_not_independently_validated
sibenik.in,0.0078125,S0_2021_01_2026_08,2021-01,2026-08,background publication observed in every full month,hnb-media,HNB_MEDIA,2026-09-21.1,1.0,HNB_MEDIA_INDICATORS_1.0,descriptive_archive_counts_not_independently_validated
sinjskarera.hr,0.0078125,S0_2021_01_2026_08,2021-01,2026-08,background publication observed in every full month,hnb-media,HNB_MEDIA,2026-09-21.1,1.0,HNB_MEDIA_INDICATORS_1.0,descriptive_archive_counts_not_independently_validated
sisak.info,0.0078125,S0_2021_01_2026_08,2021-01,2026-08,background publication observed in every full month,hnb-media,HNB_MEDIA,2026-09-21.1,1.0,HNB_MEDIA_INDICATORS_1.0,descriptive_archive_counts_not_independently_validated
sisakportal.hr,0.0078125,S0_2021_01_2026_08,2021-01,2026-08,background publication observed in every full month,hnb-media,HNB_MEDIA,2026-09-21.1,1.0,HNB_MEDIA_INDICATORS_1.0,descriptive_archive_counts_not_independently_validated
slobodnadalmacija.hr,0.0078125,S0_2021_01_2026_08,2021-01,2026-08,background publication observed in every full month,hnb-media,HNB_MEDIA,2026-09-21.1,1.0,HNB_MEDIA_INDICATORS_1.0,descriptive_archive_counts_not_independently_validated
sportalo.hr,0.0078125,S0_2021_01_2026_08,2021-01,2026-08,background publication observed in every full month,hnb-media,HNB_MEDIA,2026-09-21.1,1.0,HNB_MEDIA_INDICATORS_1.0,descriptive_archive_counts_not_independently_validated
srednja.hr,0.0078125,S0_2021_01_2026_08,2021-01,2026-08,background publication observed in every full month,hnb-media,HNB_MEDIA,2026-09-21.1,1.0,HNB_MEDIA_INDICATORS_1.0,descriptive_archive_counts_not_independently_validated
story.hr,0.0078125,S0_2021_01_2026_08,2021-01,2026-08,background publication observed in every full month,hnb-media,HNB_MEDIA,2026-09-21.1,1.0,HNB_MEDIA_INDICATORS_1.0,descriptive_archive_counts_not_independently_validated
studentski.hr,0.0078125,S0_2021_01_2026_08,2021-01,2026-08,background publication observed in every full month,hnb-media,HNB_MEDIA,2026-09-21.1,1.0,HNB_MEDIA_INDICATORS_1.0,descriptive_archive_counts_not_independently_validated
teklic.hr,0.0078125,S0_2021_01_2026_08,2021-01,2026-08,background publication observed in every full month,hnb-media,HNB_MEDIA,2026-09-21.1,1.0,HNB_MEDIA_INDICATORS_1.0,descriptive_archive_counts_not_independently_validated
telegram.hr,0.0078125,S0_2021_01_2026_08,2021-01,2026-08,background publication observed in every full month,hnb-media,HNB_MEDIA,2026-09-21.1,1.0,HNB_MEDIA_INDICATORS_1.0,descriptive_archive_counts_not_independently_validated
tockanai.hr,0.0078125,S0_2021_01_2026_08,2021-01,2026-08,background publication observed in every full month,hnb-media,HNB_MEDIA,2026-09-21.1,1.0,HNB_MEDIA_INDICATORS_1.0,descriptive_archive_counts_not_independently_validated
torpedo.media,0.0078125,S0_2021_01_2026_08,2021-01,2026-08,background publication observed in every full month,hnb-media,HNB_MEDIA,2026-09-21.1,1.0,HNB_MEDIA_INDICATORS_1.0,descriptive_archive_counts_not_independently_validated
tportal.hr,0.0078125,S0_2021_01_2026_08,2021-01,2026-08,background publication observed in every full month,hnb-media,HNB_MEDIA,2026-09-21.1,1.0,HNB_MEDIA_INDICATORS_1.0,descriptive_archive_counts_not_independently_validated
tris.com.hr,0.0078125,S0_2021_01_2026_08,2021-01,2026-08,background publication observed in every full month,hnb-media,HNB_MEDIA,2026-09-21.1,1.0,HNB_MEDIA_INDICATORS_1.0,descriptive_archive_counts_not_independently_validated
tunera.info,0.0078125,S0_2021_01_2026_08,2021-01,2026-08,background publication observed in every full month,hnb-media,HNB_MEDIA,2026-09-21.1,1.0,HNB_MEDIA_INDICATORS_1.0,descriptive_archive_counts_not_independently_validated
turizmoteka.hr,0.0078125,S0_2021_01_2026_08,2021-01,2026-08,background publication observed in every full month,hnb-media,HNB_MEDIA,2026-09-21.1,1.0,HNB_MEDIA_INDICATORS_1.0,descriptive_archive_counts_not_independently_validated
varazdinske-vijesti.hr,0.0078125,S0_2021_01_2026_08,2021-01,2026-08,background publication observed in every full month,hnb-media,HNB_MEDIA,2026-09-21.1,1.0,HNB_MEDIA_INDICATORS_1.0,descriptive_archive_counts_not_independently_validated
vecernji.hr,0.0078125,S0_2021_01_2026_08,2021-01,2026-08,background publication observed in every full month,hnb-media,HNB_MEDIA,2026-09-21.1,1.0,HNB_MEDIA_INDICATORS_1.0,descriptive_archive_counts_not_independently_validated
vgdanas.hr,0.0078125,S0_2021_01_2026_08,2021-01,2026-08,background publication observed in every full month,hnb-media,HNB_MEDIA,2026-09-21.1,1.0,HNB_MEDIA_INDICATORS_1.0,descriptive_archive_counts_not_independently_validated
vidi.hr,0.0078125,S0_2021_01_2026_08,2021-01,2026-08,background publication observed in every full month,hnb-media,HNB_MEDIA,2026-09-21.1,1.0,HNB_MEDIA_INDICATORS_1.0,descriptive_archive_counts_not_independently_validated
voxfeminae.net,0.0078125,S0_2021_01_2026_08,2021-01,2026-08,background publication observed in every full month,hnb-media,HNB_MEDIA,2026-09-21.1,1.0,HNB_MEDIA_INDICATORS_1.0,descriptive_archive_counts_not_independently_validated
womeninadria.com,0.0078125,S0_2021_01_2026_08,2021-01,2026-08,background publication observed in every full month,hnb-media,HNB_MEDIA,2026-09-21.1,1.0,HNB_MEDIA_INDICATORS_1.0,descriptive_archive_counts_not_independently_validated
zagorje.com,0.0078125,S0_2021_01_2026_08,2021-01,2026-08,background publication observed in every full month,hnb-media,HNB_MEDIA,2026-09-21.1,1.0,HNB_MEDIA_INDICATORS_1.0,descriptive_archive_counts_not_independently_validated
zagreb.info,0.0078125,S0_2021_01_2026_08,2021-01,2026-08,background publication observed in every full month,hnb-media,HNB_MEDIA,2026-09-21.1,1.0,HNB_MEDIA_INDICATORS_1.0,descriptive_archive_counts_not_independently_validated
zagrebancija.com,0.0078125,S0_2021_01_2026_08,2021-01,2026-08,background publication observed in every full month,hnb-media,HNB_MEDIA,2026-09-21.1,1.0,HNB_MEDIA_INDICATORS_1.0,descriptive_archive_counts_not_independently_validated
zaposlena.hr,0.0078125,S0_2021_01_2026_08,2021-01,2026-08,background publication observed in every full month,hnb-media,HNB_MEDIA,2026-09-21.1,1.0,HNB_MEDIA_INDICATORS_1.0,descriptive_archive_counts_not_independently_validated
zastita.info,0.0078125,S0_2021_01_2026_08,2021-01,2026-08,background publication observed in every full month,hnb-media,HNB_MEDIA,2026-09-21.1,1.0,HNB_MEDIA_INDICATORS_1.0,descriptive_archive_counts_not_independently_validated
ziher.hr,0.0078125,S0_2021_01_2026_08,2021-01,2026-08,background publication observed in every full month,hnb-media,HNB_MEDIA,2026-09-21.1,1.0,HNB_MEDIA_INDICATORS_1.0,descriptive_archive_counts_not_independently_validated
zupcica.hr,0.0078125,S0_2021_01_2026_08,2021-01,2026-08,background publication observed in every full month,hnb-media,HNB_MEDIA,2026-09-21.1,1.0,HNB_MEDIA_INDICATORS_1.0,descriptive_archive_counts_not_independently_validated
