platform,batch,archive_captures,observed_days,explicit_captures,with_body
bluesky,mediaspace_full,33672,243,16,33672
comment,luka_opce,500067,875,276,480572
comment,mediaspace_full,2756841,165,210,2756841
facebook,luka_opce,2194106,1095,1175,2131947
facebook,mediaspace_full,5075909,984,2074,5075909
forum,luka_opce,1224425,478,674,1149204
forum,mediaspace_full,777227,984,199,777227
instagram,luka_opce,491,232,0,485
instagram,mediaspace_full,489386,984,71,489386
print,mediaspace_full,427803,756,2598,427678
radio,mediaspace_full,462146,653,3213,462146
reddit,luka_opce,945427,970,404,899938
reddit,mediaspace_full,2091169,984,396,2082237
threads,mediaspace_full,2882,102,0,2882
tiktok,luka_opce,2120,811,0,2032
tiktok,mediaspace_full,29324,984,15,29256
tv,mediaspace_full,183347,767,1739,183346
twitter,luka_opce,1411351,1079,1398,1360369
twitter,mediaspace_full,1294116,984,251,1294116
web,luka_opce,9379712,1095,36174,9094621
web,mediaspace_full,10251914,984,21151,10251914
youtube,luka_opce,988854,1000,310,957670
youtube,mediaspace_full,1745185,984,511,1745185
