analysis_id,scope,term,text_count,denominator
HNB_MEDIA_LEXICAL_1.0,terms,banka,10628,33100
HNB_MEDIA_LEXICAL_1.0,terms,euro,9674,33100
HNB_MEDIA_LEXICAL_1.0,terms,guverner,8534,33100
HNB_MEDIA_LEXICAL_1.0,terms,rast,6208,33100
HNB_MEDIA_LEXICAL_1.0,terms,kuna,5896,33100
HNB_MEDIA_LEXICAL_1.0,terms,građanin,5865,33100
HNB_MEDIA_LEXICAL_1.0,terms,kredit,5236,33100
HNB_MEDIA_LEXICAL_1.0,terms,cijena,4824,33100
HNB_MEDIA_LEXICAL_1.0,terms,inflacija,4745,33100
HNB_MEDIA_LEXICAL_1.0,terms,Vlada,4283,33100
HNB_MEDIA_LEXICAL_1.0,terms,kamata,3430,33100
HNB_MEDIA_LEXICAL_1.0,terms,potrošač,3011,33100
HNB_MEDIA_LEXICAL_1.0,terms,kovanica,2946,33100
HNB_MEDIA_LEXICAL_1.0,terms,europodručje,2672,33100
HNB_MEDIA_LEXICAL_1.0,terms,tržište,2398,33100
HNB_MEDIA_LEXICAL_1.0,terms,novčanica,2296,33100
HNB_MEDIA_LEXICAL_1.0,terms,mjera,2256,33100
HNB_MEDIA_LEXICAL_1.0,terms,gospodarstvo,2124,33100
HNB_MEDIA_LEXICAL_1.0,terms,Sabor,1985,33100
HNB_MEDIA_LEXICAL_1.0,terms,savjet,1829,33100
HNB_MEDIA_LEXICAL_1.0,terms,nadzor,1800,33100
HNB_MEDIA_LEXICAL_1.0,terms,rizik,1795,33100
HNB_MEDIA_LEXICAL_1.0,terms,stabilnost,1740,33100
HNB_MEDIA_LEXICAL_1.0,terms,plaća,1736,33100
HNB_MEDIA_LEXICAL_1.0,terms,naknada,1687,33100
HNB_MEDIA_LEXICAL_1.0,terms,depozit,1620,33100
HNB_MEDIA_LEXICAL_1.0,terms,gotovina,1537,33100
HNB_MEDIA_LEXICAL_1.0,terms,BDP,1530,33100
HNB_MEDIA_LEXICAL_1.0,terms,tečaj,1527,33100
HNB_MEDIA_LEXICAL_1.0,terms,ESB / ECB,1469,33100
HNB_MEDIA_LEXICAL_1.0,terms,dug,1284,33100
HNB_MEDIA_LEXICAL_1.0,terms,nekretnina,1237,33100
HNB_MEDIA_LEXICAL_1.0,terms,monetarna politika,1221,33100
HNB_MEDIA_LEXICAL_1.0,terms,kapital,1174,33100
HNB_MEDIA_LEXICAL_1.0,terms,prognoza,1095,33100
HNB_MEDIA_LEXICAL_1.0,terms,projekcija,1016,33100
HNB_MEDIA_LEXICAL_1.0,terms,plaćanje,997,33100
HNB_MEDIA_LEXICAL_1.0,terms,statistika,756,33100
HNB_MEDIA_LEXICAL_1.0,terms,investicija,712,33100
HNB_MEDIA_LEXICAL_1.0,terms,dionica,706,33100
HNB_MEDIA_LEXICAL_1.0,terms,odgovornost,706,33100
HNB_MEDIA_LEXICAL_1.0,terms,štednja,611,33100
HNB_MEDIA_LEXICAL_1.0,terms,likvidnost,583,33100
HNB_MEDIA_LEXICAL_1.0,terms,mandat,582,33100
HNB_MEDIA_LEXICAL_1.0,terms,obveznica,563,33100
HNB_MEDIA_LEXICAL_1.0,terms,zaduživanje,500,33100
HNB_MEDIA_LEXICAL_1.0,terms,kućanstvo,484,33100
HNB_MEDIA_LEXICAL_1.0,terms,dohodak,466,33100
HNB_MEDIA_LEXICAL_1.0,terms,sanacija,377,33100
HNB_MEDIA_LEXICAL_1.0,terms,izvoz,374,33100
HNB_MEDIA_LEXICAL_1.0,terms,uvoz,240,33100
HNB_MEDIA_LEXICAL_1.0,terms,digitalni euro,182,33100
HNB_MEDIA_LEXICAL_1.0,phrases,uvođenje eura,2547,33100
HNB_MEDIA_LEXICAL_1.0,phrases,kamatna stopa,2471,33100
HNB_MEDIA_LEXICAL_1.0,phrases,monetarna politika,1221,33100
HNB_MEDIA_LEXICAL_1.0,phrases,stambeni kredit,1127,33100
HNB_MEDIA_LEXICAL_1.0,phrases,financijska stabilnost,612,33100
HNB_MEDIA_LEXICAL_1.0,phrases,zaštita potrošača,589,33100
HNB_MEDIA_LEXICAL_1.0,phrases,gotovinski kredit,313,33100
HNB_MEDIA_LEXICAL_1.0,phrases,kreditna sposobnost,244,33100
HNB_MEDIA_LEXICAL_1.0,phrases,platni promet,236,33100
HNB_MEDIA_LEXICAL_1.0,phrases,sukob interesa,183,33100
HNB_MEDIA_LEXICAL_1.0,phrases,digitalni euro,182,33100
HNB_MEDIA_LEXICAL_1.0,phrases,kupovna moć,46,33100
HNB_MEDIA_LEXICAL_1.0,prices,inflacija,4589,5098
HNB_MEDIA_LEXICAL_1.0,prices,cijena,2715,5098
HNB_MEDIA_LEXICAL_1.0,prices,rast,2600,5098
HNB_MEDIA_LEXICAL_1.0,prices,guverner,2164,5098
HNB_MEDIA_LEXICAL_1.0,prices,banka,1544,5098
HNB_MEDIA_LEXICAL_1.0,prices,euro,1228,5098
HNB_MEDIA_LEXICAL_1.0,prices,Vlada,1018,5098
HNB_MEDIA_LEXICAL_1.0,prices,građanin,944,5098
HNB_MEDIA_LEXICAL_1.0,prices,europodručje,905,5098
HNB_MEDIA_LEXICAL_1.0,prices,kamata,878,5098
HNB_MEDIA_LEXICAL_1.0,prices,mjera,833,5098
HNB_MEDIA_LEXICAL_1.0,prices,tržište,811,5098
HNB_MEDIA_LEXICAL_1.0,prices,plaća,787,5098
HNB_MEDIA_LEXICAL_1.0,prices,gospodarstvo,761,5098
HNB_MEDIA_LEXICAL_1.0,prices,potrošač,745,5098
HNB_MEDIA_LEXICAL_1.0,prices,kredit,742,5098
HNB_MEDIA_LEXICAL_1.0,prices,stabilnost,687,5098
HNB_MEDIA_LEXICAL_1.0,prices,prognoza,667,5098
HNB_MEDIA_LEXICAL_1.0,prices,monetarna politika,641,5098
HNB_MEDIA_LEXICAL_1.0,prices,rizik,631,5098
HNB_MEDIA_LEXICAL_1.0,prices,projekcija,624,5098
HNB_MEDIA_LEXICAL_1.0,prices,BDP,613,5098
HNB_MEDIA_LEXICAL_1.0,prices,Sabor,542,5098
HNB_MEDIA_LEXICAL_1.0,prices,ESB / ECB,536,5098
HNB_MEDIA_LEXICAL_1.0,prices,kuna,404,5098
HNB_MEDIA_LEXICAL_1.0,prices,nekretnina,390,5098
HNB_MEDIA_LEXICAL_1.0,prices,savjet,388,5098
HNB_MEDIA_LEXICAL_1.0,prices,kapital,251,5098
HNB_MEDIA_LEXICAL_1.0,prices,tečaj,212,5098
HNB_MEDIA_LEXICAL_1.0,prices,depozit,211,5098
HNB_MEDIA_LEXICAL_1.0,prices,dug,197,5098
HNB_MEDIA_LEXICAL_1.0,prices,odgovornost,196,5098
HNB_MEDIA_LEXICAL_1.0,prices,gotovina,188,5098
HNB_MEDIA_LEXICAL_1.0,prices,likvidnost,186,5098
HNB_MEDIA_LEXICAL_1.0,prices,investicija,176,5098
HNB_MEDIA_LEXICAL_1.0,prices,statistika,164,5098
HNB_MEDIA_LEXICAL_1.0,prices,uvoz,162,5098
HNB_MEDIA_LEXICAL_1.0,prices,dohodak,158,5098
HNB_MEDIA_LEXICAL_1.0,prices,izvoz,147,5098
HNB_MEDIA_LEXICAL_1.0,prices,nadzor,133,5098
HNB_MEDIA_LEXICAL_1.0,prices,mandat,127,5098
HNB_MEDIA_LEXICAL_1.0,prices,zaduživanje,127,5098
HNB_MEDIA_LEXICAL_1.0,prices,naknada,126,5098
HNB_MEDIA_LEXICAL_1.0,prices,kovanica,114,5098
HNB_MEDIA_LEXICAL_1.0,prices,kućanstvo,106,5098
HNB_MEDIA_LEXICAL_1.0,prices,novčanica,92,5098
HNB_MEDIA_LEXICAL_1.0,prices,štednja,73,5098
HNB_MEDIA_LEXICAL_1.0,prices,obveznica,57,5098
HNB_MEDIA_LEXICAL_1.0,prices,plaćanje,51,5098
HNB_MEDIA_LEXICAL_1.0,prices,dionica,44,5098
HNB_MEDIA_LEXICAL_1.0,prices,digitalni euro,20,5098
HNB_MEDIA_LEXICAL_1.0,prices,sanacija,14,5098
HNB_MEDIA_LEXICAL_1.0,rates,kamata,2525,3326
HNB_MEDIA_LEXICAL_1.0,rates,banka,1929,3326
HNB_MEDIA_LEXICAL_1.0,rates,kredit,1566,3326
HNB_MEDIA_LEXICAL_1.0,rates,rast,1432,3326
HNB_MEDIA_LEXICAL_1.0,rates,guverner,1245,3326
HNB_MEDIA_LEXICAL_1.0,rates,monetarna politika,1220,3326
HNB_MEDIA_LEXICAL_1.0,rates,cijena,1099,3326
HNB_MEDIA_LEXICAL_1.0,rates,inflacija,1024,3326
HNB_MEDIA_LEXICAL_1.0,rates,euro,1022,3326
HNB_MEDIA_LEXICAL_1.0,rates,građanin,972,3326
HNB_MEDIA_LEXICAL_1.0,rates,europodručje,691,3326
HNB_MEDIA_LEXICAL_1.0,rates,potrošač,690,3326
HNB_MEDIA_LEXICAL_1.0,rates,stabilnost,655,3326
HNB_MEDIA_LEXICAL_1.0,rates,rizik,652,3326
HNB_MEDIA_LEXICAL_1.0,rates,tržište,607,3326
HNB_MEDIA_LEXICAL_1.0,rates,mjera,547,3326
HNB_MEDIA_LEXICAL_1.0,rates,kuna,512,3326
HNB_MEDIA_LEXICAL_1.0,rates,ESB / ECB,500,3326
HNB_MEDIA_LEXICAL_1.0,rates,depozit,493,3326
HNB_MEDIA_LEXICAL_1.0,rates,Vlada,467,3326
HNB_MEDIA_LEXICAL_1.0,rates,gospodarstvo,342,3326
HNB_MEDIA_LEXICAL_1.0,rates,savjet,325,3326
HNB_MEDIA_LEXICAL_1.0,rates,plaća,314,3326
HNB_MEDIA_LEXICAL_1.0,rates,Sabor,308,3326
HNB_MEDIA_LEXICAL_1.0,rates,tečaj,301,3326
HNB_MEDIA_LEXICAL_1.0,rates,nekretnina,279,3326
HNB_MEDIA_LEXICAL_1.0,rates,gotovina,250,3326
HNB_MEDIA_LEXICAL_1.0,rates,kapital,246,3326
HNB_MEDIA_LEXICAL_1.0,rates,likvidnost,239,3326
HNB_MEDIA_LEXICAL_1.0,rates,projekcija,211,3326
HNB_MEDIA_LEXICAL_1.0,rates,zaduživanje,201,3326
HNB_MEDIA_LEXICAL_1.0,rates,BDP,197,3326
HNB_MEDIA_LEXICAL_1.0,rates,dug,197,3326
HNB_MEDIA_LEXICAL_1.0,rates,naknada,189,3326
HNB_MEDIA_LEXICAL_1.0,rates,nadzor,171,3326
HNB_MEDIA_LEXICAL_1.0,rates,statistika,168,3326
HNB_MEDIA_LEXICAL_1.0,rates,prognoza,163,3326
HNB_MEDIA_LEXICAL_1.0,rates,kućanstvo,151,3326
HNB_MEDIA_LEXICAL_1.0,rates,štednja,132,3326
HNB_MEDIA_LEXICAL_1.0,rates,dohodak,110,3326
HNB_MEDIA_LEXICAL_1.0,rates,investicija,104,3326
HNB_MEDIA_LEXICAL_1.0,rates,obveznica,96,3326
HNB_MEDIA_LEXICAL_1.0,rates,izvoz,77,3326
HNB_MEDIA_LEXICAL_1.0,rates,novčanica,73,3326
HNB_MEDIA_LEXICAL_1.0,rates,mandat,70,3326
HNB_MEDIA_LEXICAL_1.0,rates,kovanica,68,3326
HNB_MEDIA_LEXICAL_1.0,rates,plaćanje,67,3326
HNB_MEDIA_LEXICAL_1.0,rates,dionica,61,3326
HNB_MEDIA_LEXICAL_1.0,rates,odgovornost,58,3326
HNB_MEDIA_LEXICAL_1.0,rates,uvoz,34,3326
HNB_MEDIA_LEXICAL_1.0,rates,sanacija,27,3326
HNB_MEDIA_LEXICAL_1.0,rates,digitalni euro,18,3326
HNB_MEDIA_LEXICAL_1.0,currency,euro,4000,5841
HNB_MEDIA_LEXICAL_1.0,currency,banka,2709,5841
HNB_MEDIA_LEXICAL_1.0,currency,europodručje,2672,5841
HNB_MEDIA_LEXICAL_1.0,currency,guverner,2192,5841
HNB_MEDIA_LEXICAL_1.0,currency,kuna,2182,5841
HNB_MEDIA_LEXICAL_1.0,currency,tečaj,1527,5841
HNB_MEDIA_LEXICAL_1.0,currency,građanin,1438,5841
HNB_MEDIA_LEXICAL_1.0,currency,cijena,1365,5841
HNB_MEDIA_LEXICAL_1.0,currency,inflacija,1267,5841
HNB_MEDIA_LEXICAL_1.0,currency,rast,1215,5841
HNB_MEDIA_LEXICAL_1.0,currency,kovanica,1037,5841
HNB_MEDIA_LEXICAL_1.0,currency,novčanica,1008,5841
HNB_MEDIA_LEXICAL_1.0,currency,Vlada,976,5841
HNB_MEDIA_LEXICAL_1.0,currency,kamata,959,5841
HNB_MEDIA_LEXICAL_1.0,currency,kredit,812,5841
HNB_MEDIA_LEXICAL_1.0,currency,ESB / ECB,741,5841
HNB_MEDIA_LEXICAL_1.0,currency,tržište,586,5841
HNB_MEDIA_LEXICAL_1.0,currency,potrošač,559,5841
HNB_MEDIA_LEXICAL_1.0,currency,naknada,558,5841
HNB_MEDIA_LEXICAL_1.0,currency,gospodarstvo,547,5841
HNB_MEDIA_LEXICAL_1.0,currency,monetarna politika,541,5841
HNB_MEDIA_LEXICAL_1.0,currency,rizik,504,5841
HNB_MEDIA_LEXICAL_1.0,currency,gotovina,490,5841
HNB_MEDIA_LEXICAL_1.0,currency,mjera,451,5841
HNB_MEDIA_LEXICAL_1.0,currency,stabilnost,448,5841
HNB_MEDIA_LEXICAL_1.0,currency,savjet,380,5841
HNB_MEDIA_LEXICAL_1.0,currency,plaća,332,5841
HNB_MEDIA_LEXICAL_1.0,currency,Sabor,320,5841
HNB_MEDIA_LEXICAL_1.0,currency,depozit,304,5841
HNB_MEDIA_LEXICAL_1.0,currency,plaćanje,293,5841
HNB_MEDIA_LEXICAL_1.0,currency,nadzor,264,5841
HNB_MEDIA_LEXICAL_1.0,currency,BDP,253,5841
HNB_MEDIA_LEXICAL_1.0,currency,kapital,249,5841
HNB_MEDIA_LEXICAL_1.0,currency,likvidnost,242,5841
HNB_MEDIA_LEXICAL_1.0,currency,prognoza,212,5841
HNB_MEDIA_LEXICAL_1.0,currency,projekcija,208,5841
HNB_MEDIA_LEXICAL_1.0,currency,nekretnina,167,5841
HNB_MEDIA_LEXICAL_1.0,currency,dug,162,5841
HNB_MEDIA_LEXICAL_1.0,currency,odgovornost,149,5841
HNB_MEDIA_LEXICAL_1.0,currency,zaduživanje,136,5841
HNB_MEDIA_LEXICAL_1.0,currency,investicija,131,5841
HNB_MEDIA_LEXICAL_1.0,currency,obveznica,125,5841
HNB_MEDIA_LEXICAL_1.0,currency,mandat,122,5841
HNB_MEDIA_LEXICAL_1.0,currency,dionica,121,5841
HNB_MEDIA_LEXICAL_1.0,currency,statistika,108,5841
HNB_MEDIA_LEXICAL_1.0,currency,štednja,105,5841
HNB_MEDIA_LEXICAL_1.0,currency,izvoz,91,5841
HNB_MEDIA_LEXICAL_1.0,currency,kućanstvo,71,5841
HNB_MEDIA_LEXICAL_1.0,currency,dohodak,69,5841
HNB_MEDIA_LEXICAL_1.0,currency,uvoz,62,5841
HNB_MEDIA_LEXICAL_1.0,currency,digitalni euro,46,5841
HNB_MEDIA_LEXICAL_1.0,currency,sanacija,34,5841
HNB_MEDIA_LEXICAL_1.0,stability,banka,893,1232
HNB_MEDIA_LEXICAL_1.0,stability,kredit,788,1232
HNB_MEDIA_LEXICAL_1.0,stability,stabilnost,682,1232
HNB_MEDIA_LEXICAL_1.0,stability,rizik,567,1232
HNB_MEDIA_LEXICAL_1.0,stability,rast,508,1232
HNB_MEDIA_LEXICAL_1.0,stability,kapital,420,1232
HNB_MEDIA_LEXICAL_1.0,stability,mjera,381,1232
HNB_MEDIA_LEXICAL_1.0,stability,euro,373,1232
HNB_MEDIA_LEXICAL_1.0,stability,kamata,357,1232
HNB_MEDIA_LEXICAL_1.0,stability,cijena,341,1232
HNB_MEDIA_LEXICAL_1.0,stability,potrošač,328,1232
HNB_MEDIA_LEXICAL_1.0,stability,savjet,327,1232
HNB_MEDIA_LEXICAL_1.0,stability,tržište,310,1232
HNB_MEDIA_LEXICAL_1.0,stability,guverner,297,1232
HNB_MEDIA_LEXICAL_1.0,stability,nekretnina,283,1232
HNB_MEDIA_LEXICAL_1.0,stability,građanin,249,1232
HNB_MEDIA_LEXICAL_1.0,stability,nadzor,242,1232
HNB_MEDIA_LEXICAL_1.0,stability,inflacija,241,1232
HNB_MEDIA_LEXICAL_1.0,stability,depozit,227,1232
HNB_MEDIA_LEXICAL_1.0,stability,monetarna politika,191,1232
HNB_MEDIA_LEXICAL_1.0,stability,kuna,183,1232
HNB_MEDIA_LEXICAL_1.0,stability,gotovina,181,1232
HNB_MEDIA_LEXICAL_1.0,stability,gospodarstvo,177,1232
HNB_MEDIA_LEXICAL_1.0,stability,dug,173,1232
HNB_MEDIA_LEXICAL_1.0,stability,europodručje,163,1232
HNB_MEDIA_LEXICAL_1.0,stability,zaduživanje,145,1232
HNB_MEDIA_LEXICAL_1.0,stability,dohodak,128,1232
HNB_MEDIA_LEXICAL_1.0,stability,likvidnost,110,1232
HNB_MEDIA_LEXICAL_1.0,stability,kućanstvo,109,1232
HNB_MEDIA_LEXICAL_1.0,stability,ESB / ECB,101,1232
HNB_MEDIA_LEXICAL_1.0,stability,Vlada,99,1232
HNB_MEDIA_LEXICAL_1.0,stability,dionica,98,1232
HNB_MEDIA_LEXICAL_1.0,stability,plaća,90,1232
HNB_MEDIA_LEXICAL_1.0,stability,BDP,80,1232
HNB_MEDIA_LEXICAL_1.0,stability,naknada,67,1232
HNB_MEDIA_LEXICAL_1.0,stability,obveznica,60,1232
HNB_MEDIA_LEXICAL_1.0,stability,sanacija,59,1232
HNB_MEDIA_LEXICAL_1.0,stability,Sabor,56,1232
HNB_MEDIA_LEXICAL_1.0,stability,prognoza,54,1232
HNB_MEDIA_LEXICAL_1.0,stability,projekcija,52,1232
HNB_MEDIA_LEXICAL_1.0,stability,mandat,49,1232
HNB_MEDIA_LEXICAL_1.0,stability,kovanica,48,1232
HNB_MEDIA_LEXICAL_1.0,stability,plaćanje,48,1232
HNB_MEDIA_LEXICAL_1.0,stability,investicija,45,1232
HNB_MEDIA_LEXICAL_1.0,stability,statistika,45,1232
HNB_MEDIA_LEXICAL_1.0,stability,novčanica,40,1232
HNB_MEDIA_LEXICAL_1.0,stability,odgovornost,38,1232
HNB_MEDIA_LEXICAL_1.0,stability,tečaj,37,1232
HNB_MEDIA_LEXICAL_1.0,stability,štednja,24,1232
HNB_MEDIA_LEXICAL_1.0,stability,digitalni euro,18,1232
HNB_MEDIA_LEXICAL_1.0,stability,izvoz,12,1232
HNB_MEDIA_LEXICAL_1.0,stability,uvoz,3,1232
HNB_MEDIA_LEXICAL_1.0,lending,kredit,5236,7009
HNB_MEDIA_LEXICAL_1.0,lending,banka,3484,7009
HNB_MEDIA_LEXICAL_1.0,lending,potrošač,3011,7009
HNB_MEDIA_LEXICAL_1.0,lending,rast,2377,7009
HNB_MEDIA_LEXICAL_1.0,lending,kamata,2075,7009
HNB_MEDIA_LEXICAL_1.0,lending,građanin,2045,7009
HNB_MEDIA_LEXICAL_1.0,lending,euro,1773,7009
HNB_MEDIA_LEXICAL_1.0,lending,cijena,1621,7009
HNB_MEDIA_LEXICAL_1.0,lending,guverner,1538,7009
HNB_MEDIA_LEXICAL_1.0,lending,mjera,1248,7009
HNB_MEDIA_LEXICAL_1.0,lending,inflacija,1167,7009
HNB_MEDIA_LEXICAL_1.0,lending,kuna,1156,7009
HNB_MEDIA_LEXICAL_1.0,lending,rizik,1149,7009
HNB_MEDIA_LEXICAL_1.0,lending,tržište,1041,7009
HNB_MEDIA_LEXICAL_1.0,lending,gotovina,799,7009
HNB_MEDIA_LEXICAL_1.0,lending,stabilnost,789,7009
HNB_MEDIA_LEXICAL_1.0,lending,Vlada,779,7009
HNB_MEDIA_LEXICAL_1.0,lending,nekretnina,760,7009
HNB_MEDIA_LEXICAL_1.0,lending,depozit,755,7009
HNB_MEDIA_LEXICAL_1.0,lending,nadzor,745,7009
HNB_MEDIA_LEXICAL_1.0,lending,europodručje,697,7009
HNB_MEDIA_LEXICAL_1.0,lending,savjet,680,7009
HNB_MEDIA_LEXICAL_1.0,lending,plaća,626,7009
HNB_MEDIA_LEXICAL_1.0,lending,kapital,612,7009
HNB_MEDIA_LEXICAL_1.0,lending,dug,611,7009
HNB_MEDIA_LEXICAL_1.0,lending,gospodarstvo,563,7009
HNB_MEDIA_LEXICAL_1.0,lending,zaduživanje,500,7009
HNB_MEDIA_LEXICAL_1.0,lending,naknada,476,7009
HNB_MEDIA_LEXICAL_1.0,lending,monetarna politika,441,7009
HNB_MEDIA_LEXICAL_1.0,lending,ESB / ECB,408,7009
HNB_MEDIA_LEXICAL_1.0,lending,kućanstvo,371,7009
HNB_MEDIA_LEXICAL_1.0,lending,Sabor,343,7009
HNB_MEDIA_LEXICAL_1.0,lending,dohodak,342,7009
HNB_MEDIA_LEXICAL_1.0,lending,BDP,312,7009
HNB_MEDIA_LEXICAL_1.0,lending,tečaj,280,7009
HNB_MEDIA_LEXICAL_1.0,lending,plaćanje,276,7009
HNB_MEDIA_LEXICAL_1.0,lending,prognoza,266,7009
HNB_MEDIA_LEXICAL_1.0,lending,statistika,261,7009
HNB_MEDIA_LEXICAL_1.0,lending,likvidnost,254,7009
HNB_MEDIA_LEXICAL_1.0,lending,projekcija,227,7009
HNB_MEDIA_LEXICAL_1.0,lending,novčanica,222,7009
HNB_MEDIA_LEXICAL_1.0,lending,kovanica,213,7009
HNB_MEDIA_LEXICAL_1.0,lending,investicija,211,7009
HNB_MEDIA_LEXICAL_1.0,lending,štednja,184,7009
HNB_MEDIA_LEXICAL_1.0,lending,odgovornost,172,7009
HNB_MEDIA_LEXICAL_1.0,lending,obveznica,124,7009
HNB_MEDIA_LEXICAL_1.0,lending,dionica,107,7009
HNB_MEDIA_LEXICAL_1.0,lending,sanacija,101,7009
HNB_MEDIA_LEXICAL_1.0,lending,mandat,97,7009
HNB_MEDIA_LEXICAL_1.0,lending,uvoz,87,7009
HNB_MEDIA_LEXICAL_1.0,lending,izvoz,85,7009
HNB_MEDIA_LEXICAL_1.0,lending,digitalni euro,22,7009
HNB_MEDIA_LEXICAL_1.0,forecasts,rast,1630,2702
HNB_MEDIA_LEXICAL_1.0,forecasts,inflacija,1148,2702
HNB_MEDIA_LEXICAL_1.0,forecasts,prognoza,1095,2702
HNB_MEDIA_LEXICAL_1.0,forecasts,projekcija,1016,2702
HNB_MEDIA_LEXICAL_1.0,forecasts,BDP,887,2702
HNB_MEDIA_LEXICAL_1.0,forecasts,cijena,839,2702
HNB_MEDIA_LEXICAL_1.0,forecasts,euro,795,2702
HNB_MEDIA_LEXICAL_1.0,forecasts,banka,779,2702
HNB_MEDIA_LEXICAL_1.0,forecasts,guverner,722,2702
HNB_MEDIA_LEXICAL_1.0,forecasts,statistika,713,2702
HNB_MEDIA_LEXICAL_1.0,forecasts,gospodarstvo,621,2702
HNB_MEDIA_LEXICAL_1.0,forecasts,kredit,456,2702
HNB_MEDIA_LEXICAL_1.0,forecasts,rizik,378,2702
HNB_MEDIA_LEXICAL_1.0,forecasts,kamata,373,2702
HNB_MEDIA_LEXICAL_1.0,forecasts,tržište,373,2702
HNB_MEDIA_LEXICAL_1.0,forecasts,europodručje,371,2702
HNB_MEDIA_LEXICAL_1.0,forecasts,mjera,349,2702
HNB_MEDIA_LEXICAL_1.0,forecasts,građanin,340,2702
HNB_MEDIA_LEXICAL_1.0,forecasts,potrošač,314,2702
HNB_MEDIA_LEXICAL_1.0,forecasts,plaća,313,2702
HNB_MEDIA_LEXICAL_1.0,forecasts,Vlada,280,2702
HNB_MEDIA_LEXICAL_1.0,forecasts,kuna,271,2702
HNB_MEDIA_LEXICAL_1.0,forecasts,kapital,250,2702
HNB_MEDIA_LEXICAL_1.0,forecasts,monetarna politika,241,2702
HNB_MEDIA_LEXICAL_1.0,forecasts,izvoz,201,2702
HNB_MEDIA_LEXICAL_1.0,forecasts,stabilnost,196,2702
HNB_MEDIA_LEXICAL_1.0,forecasts,depozit,188,2702
HNB_MEDIA_LEXICAL_1.0,forecasts,savjet,188,2702
HNB_MEDIA_LEXICAL_1.0,forecasts,dug,179,2702
HNB_MEDIA_LEXICAL_1.0,forecasts,ESB / ECB,164,2702
HNB_MEDIA_LEXICAL_1.0,forecasts,investicija,155,2702
HNB_MEDIA_LEXICAL_1.0,forecasts,uvoz,134,2702
HNB_MEDIA_LEXICAL_1.0,forecasts,nekretnina,128,2702
HNB_MEDIA_LEXICAL_1.0,forecasts,Sabor,111,2702
HNB_MEDIA_LEXICAL_1.0,forecasts,tečaj,97,2702
HNB_MEDIA_LEXICAL_1.0,forecasts,likvidnost,95,2702
HNB_MEDIA_LEXICAL_1.0,forecasts,gotovina,87,2702
HNB_MEDIA_LEXICAL_1.0,forecasts,dohodak,86,2702
HNB_MEDIA_LEXICAL_1.0,forecasts,nadzor,78,2702
HNB_MEDIA_LEXICAL_1.0,forecasts,kućanstvo,77,2702
HNB_MEDIA_LEXICAL_1.0,forecasts,kovanica,63,2702
HNB_MEDIA_LEXICAL_1.0,forecasts,zaduživanje,59,2702
HNB_MEDIA_LEXICAL_1.0,forecasts,novčanica,57,2702
HNB_MEDIA_LEXICAL_1.0,forecasts,štednja,47,2702
HNB_MEDIA_LEXICAL_1.0,forecasts,naknada,41,2702
HNB_MEDIA_LEXICAL_1.0,forecasts,plaćanje,41,2702
HNB_MEDIA_LEXICAL_1.0,forecasts,obveznica,31,2702
HNB_MEDIA_LEXICAL_1.0,forecasts,dionica,24,2702
HNB_MEDIA_LEXICAL_1.0,forecasts,sanacija,23,2702
HNB_MEDIA_LEXICAL_1.0,forecasts,mandat,17,2702
HNB_MEDIA_LEXICAL_1.0,forecasts,odgovornost,14,2702
HNB_MEDIA_LEXICAL_1.0,forecasts,digitalni euro,9,2702
HNB_MEDIA_LEXICAL_1.0,governance,banka,1348,2657
HNB_MEDIA_LEXICAL_1.0,governance,guverner,1261,2657
HNB_MEDIA_LEXICAL_1.0,governance,savjet,914,2657
HNB_MEDIA_LEXICAL_1.0,governance,Sabor,761,2657
HNB_MEDIA_LEXICAL_1.0,governance,odgovornost,698,2657
HNB_MEDIA_LEXICAL_1.0,governance,Vlada,655,2657
HNB_MEDIA_LEXICAL_1.0,governance,euro,617,2657
HNB_MEDIA_LEXICAL_1.0,governance,inflacija,592,2657
HNB_MEDIA_LEXICAL_1.0,governance,cijena,591,2657
HNB_MEDIA_LEXICAL_1.0,governance,mandat,582,2657
HNB_MEDIA_LEXICAL_1.0,governance,kuna,540,2657
HNB_MEDIA_LEXICAL_1.0,governance,građanin,523,2657
HNB_MEDIA_LEXICAL_1.0,governance,kredit,518,2657
HNB_MEDIA_LEXICAL_1.0,governance,rast,513,2657
HNB_MEDIA_LEXICAL_1.0,governance,nadzor,509,2657
HNB_MEDIA_LEXICAL_1.0,governance,stabilnost,365,2657
HNB_MEDIA_LEXICAL_1.0,governance,gospodarstvo,334,2657
HNB_MEDIA_LEXICAL_1.0,governance,europodručje,329,2657
HNB_MEDIA_LEXICAL_1.0,governance,dionica,308,2657
HNB_MEDIA_LEXICAL_1.0,governance,ESB / ECB,306,2657
HNB_MEDIA_LEXICAL_1.0,governance,tržište,306,2657
HNB_MEDIA_LEXICAL_1.0,governance,rizik,290,2657
HNB_MEDIA_LEXICAL_1.0,governance,potrošač,285,2657
HNB_MEDIA_LEXICAL_1.0,governance,mjera,276,2657
HNB_MEDIA_LEXICAL_1.0,governance,monetarna politika,267,2657
HNB_MEDIA_LEXICAL_1.0,governance,kovanica,264,2657
HNB_MEDIA_LEXICAL_1.0,governance,kamata,246,2657
HNB_MEDIA_LEXICAL_1.0,governance,plaća,242,2657
HNB_MEDIA_LEXICAL_1.0,governance,kapital,232,2657
HNB_MEDIA_LEXICAL_1.0,governance,obveznica,198,2657
HNB_MEDIA_LEXICAL_1.0,governance,depozit,180,2657
HNB_MEDIA_LEXICAL_1.0,governance,BDP,168,2657
HNB_MEDIA_LEXICAL_1.0,governance,naknada,156,2657
HNB_MEDIA_LEXICAL_1.0,governance,novčanica,149,2657
HNB_MEDIA_LEXICAL_1.0,governance,nekretnina,141,2657
HNB_MEDIA_LEXICAL_1.0,governance,projekcija,126,2657
HNB_MEDIA_LEXICAL_1.0,governance,prognoza,124,2657
HNB_MEDIA_LEXICAL_1.0,governance,tečaj,123,2657
HNB_MEDIA_LEXICAL_1.0,governance,dug,105,2657
HNB_MEDIA_LEXICAL_1.0,governance,likvidnost,88,2657
HNB_MEDIA_LEXICAL_1.0,governance,investicija,87,2657
HNB_MEDIA_LEXICAL_1.0,governance,gotovina,76,2657
HNB_MEDIA_LEXICAL_1.0,governance,sanacija,64,2657
HNB_MEDIA_LEXICAL_1.0,governance,statistika,50,2657
HNB_MEDIA_LEXICAL_1.0,governance,dohodak,43,2657
HNB_MEDIA_LEXICAL_1.0,governance,kućanstvo,39,2657
HNB_MEDIA_LEXICAL_1.0,governance,zaduživanje,33,2657
HNB_MEDIA_LEXICAL_1.0,governance,izvoz,30,2657
HNB_MEDIA_LEXICAL_1.0,governance,plaćanje,30,2657
HNB_MEDIA_LEXICAL_1.0,governance,štednja,30,2657
HNB_MEDIA_LEXICAL_1.0,governance,uvoz,19,2657
HNB_MEDIA_LEXICAL_1.0,governance,digitalni euro,4,2657
HNB_MEDIA_LEXICAL_1.0,payments,euro,3522,6163
HNB_MEDIA_LEXICAL_1.0,payments,kovanica,2946,6163
HNB_MEDIA_LEXICAL_1.0,payments,kuna,2598,6163
HNB_MEDIA_LEXICAL_1.0,payments,banka,2522,6163
HNB_MEDIA_LEXICAL_1.0,payments,novčanica,2296,6163
HNB_MEDIA_LEXICAL_1.0,payments,građanin,2000,6163
HNB_MEDIA_LEXICAL_1.0,payments,gotovina,1537,6163
HNB_MEDIA_LEXICAL_1.0,payments,guverner,1133,6163
HNB_MEDIA_LEXICAL_1.0,payments,kredit,1000,6163
HNB_MEDIA_LEXICAL_1.0,payments,plaćanje,997,6163
HNB_MEDIA_LEXICAL_1.0,payments,naknada,892,6163
HNB_MEDIA_LEXICAL_1.0,payments,rast,752,6163
HNB_MEDIA_LEXICAL_1.0,payments,potrošač,668,6163
HNB_MEDIA_LEXICAL_1.0,payments,europodručje,616,6163
HNB_MEDIA_LEXICAL_1.0,payments,Vlada,498,6163
HNB_MEDIA_LEXICAL_1.0,payments,cijena,484,6163
HNB_MEDIA_LEXICAL_1.0,payments,mjera,472,6163
HNB_MEDIA_LEXICAL_1.0,payments,kamata,468,6163
HNB_MEDIA_LEXICAL_1.0,payments,savjet,425,6163
HNB_MEDIA_LEXICAL_1.0,payments,tečaj,377,6163
HNB_MEDIA_LEXICAL_1.0,payments,rizik,374,6163
HNB_MEDIA_LEXICAL_1.0,payments,inflacija,355,6163
HNB_MEDIA_LEXICAL_1.0,payments,tržište,334,6163
HNB_MEDIA_LEXICAL_1.0,payments,stabilnost,294,6163
HNB_MEDIA_LEXICAL_1.0,payments,plaća,253,6163
HNB_MEDIA_LEXICAL_1.0,payments,dug,251,6163
HNB_MEDIA_LEXICAL_1.0,payments,depozit,243,6163
HNB_MEDIA_LEXICAL_1.0,payments,ESB / ECB,241,6163
HNB_MEDIA_LEXICAL_1.0,payments,nekretnina,225,6163
HNB_MEDIA_LEXICAL_1.0,payments,zaduživanje,212,6163
HNB_MEDIA_LEXICAL_1.0,payments,gospodarstvo,205,6163
HNB_MEDIA_LEXICAL_1.0,payments,digitalni euro,181,6163
HNB_MEDIA_LEXICAL_1.0,payments,odgovornost,169,6163
HNB_MEDIA_LEXICAL_1.0,payments,dohodak,167,6163
HNB_MEDIA_LEXICAL_1.0,payments,nadzor,166,6163
HNB_MEDIA_LEXICAL_1.0,payments,monetarna politika,139,6163
HNB_MEDIA_LEXICAL_1.0,payments,kapital,131,6163
HNB_MEDIA_LEXICAL_1.0,payments,kućanstvo,124,6163
HNB_MEDIA_LEXICAL_1.0,payments,investicija,107,6163
HNB_MEDIA_LEXICAL_1.0,payments,Sabor,100,6163
HNB_MEDIA_LEXICAL_1.0,payments,statistika,97,6163
HNB_MEDIA_LEXICAL_1.0,payments,BDP,74,6163
HNB_MEDIA_LEXICAL_1.0,payments,štednja,74,6163
HNB_MEDIA_LEXICAL_1.0,payments,likvidnost,71,6163
HNB_MEDIA_LEXICAL_1.0,payments,prognoza,58,6163
HNB_MEDIA_LEXICAL_1.0,payments,projekcija,56,6163
HNB_MEDIA_LEXICAL_1.0,payments,dionica,48,6163
HNB_MEDIA_LEXICAL_1.0,payments,izvoz,30,6163
HNB_MEDIA_LEXICAL_1.0,payments,obveznica,30,6163
HNB_MEDIA_LEXICAL_1.0,payments,mandat,28,6163
HNB_MEDIA_LEXICAL_1.0,payments,sanacija,26,6163
HNB_MEDIA_LEXICAL_1.0,payments,uvoz,13,6163
