source_role,platform,regime,explicit_publications,contextual_only,generic_only,officeholder_only,snippet_only
audience,comment,api,192,0,67,332,0
audience,comment,legacy,193,0,102,100,5
audience,forum,api,191,0,69,207,0
audience,forum,legacy,625,0,365,157,9
audience,reddit,api,396,0,118,73,0
audience,reddit,legacy,403,0,105,46,0
editorial,web,api,13206,17,11336,6410,0
editorial,web,legacy,20105,9,16004,7742,114
hnb_own,web,api,396,0,22,3,0
hnb_own,web,legacy,477,0,8,1,4
other_media_unresolved,print,api,2598,2,1293,921,0
other_media_unresolved,radio,api,3213,3,482,922,0
other_media_unresolved,tv,api,1739,1,598,351,0
other_own,web,api,37,0,6,85,0
other_own,web,legacy,76,0,3,20,0
social_unresolved,bluesky,api,16,0,0,2,0
social_unresolved,facebook,api,2072,1,939,1010,0
social_unresolved,facebook,legacy,1140,0,214,652,3
social_unresolved,instagram,api,71,0,47,52,0
social_unresolved,instagram,legacy,0,0,0,1,0
social_unresolved,tiktok,api,15,0,1,4,0
social_unresolved,twitter,api,251,0,75,398,0
social_unresolved,twitter,legacy,1375,0,179,956,58
social_unresolved,youtube,api,511,3,285,454,0
social_unresolved,youtube,legacy,308,0,91,292,1
unknown,web,api,7369,10,13415,3395,0
unknown,web,legacy,13845,19,15430,4142,59
